path,category,size_bytes,sha1
alfheim/dream_tree.csv,other,4820,d9f9d7124f91688211acb7d3b36c91b8ea7c3177
alfheim/flowers/0-0.json,other,3728,9e3be471c6555aefe9055b9d2975bc945371a65c
alfheim/flowers/0-1.json,other,3286,909e057aa81629318ec52763938c76111a93ba9e
alfheim/flowers/1-0.json,other,5165,41c0fae5552b40128c73ece3f9340baf6ebce03c
alfheim/flowers/1-1.json,other,4528,3fca7c1fb02ab28049678d9d5f718c4a1268f399
alfheim/flowers/10-0.json,other,4456,8dcde4fcc6b4483b6a7efc9c3caa3cb28f7c355d
alfheim/flowers/10-1.json,other,4435,9851d84808ba8f513473400cae37e4d184e77f7f
alfheim/flowers/11-0.json,other,5602,706582e18f0d9623f18941573a7cdab9e848f9e6
alfheim/flowers/11-1.json,other,5181,258cd434d6910aac1352112e71b1893d17be62ac
alfheim/flowers/11-2.json,other,5511,cf54adfd9fdc188ea8228cfbed20069387a15a76
alfheim/flowers/12-0.json,other,4203,0c7738f8e679c13530ea51d7fd53ff1f4b60d1be
alfheim/flowers/12-1.json,other,4162,0ce15e530da2cbea3933da3b7e21b30c1d56ec6c
alfheim/flowers/12-2.json,other,4275,97017e2a2580853eda5ceb8cf2d94aeaa99189b9
alfheim/flowers/13-0.json,other,6212,d9209ed6e56e6fe2d2afe4ed43a5da26e36566cd
alfheim/flowers/13-1.json,other,5996,b1005ce5805043a95810ba941536aba1c2c824f1
alfheim/flowers/14-0.json,other,8245,659e9e8e0afc7b28e3792b9cdef972f0ab40b440
alfheim/flowers/14-1.json,other,7984,f6838d50ad239a4f89ce2de06e9c2d5dd45cb7fa
alfheim/flowers/15-0.json,other,6161,51de94290f63da06f068d33f14d03e847c1664ff
alfheim/flowers/15-1.json,other,5839,37f1ddef39a04522ea2163290ab842241fcbbd40
alfheim/flowers/16-0.json,other,1675,20823f7bce11108c42be85005548d6ac1ca82c1c
alfheim/flowers/16-1.json,other,2873,8311e297150609a2cbe5e72472a15de5f5d7ed5b
alfheim/flowers/16-2.json,other,2277,b1011f1a0cdbcbf5e080870dd1fc9274f5756324
alfheim/flowers/2-0.json,other,3443,a667e25c95854756de11a5efb399a1818aab8114
alfheim/flowers/2-1.json,other,3990,9f055de132321040f6214125a084cc87676066fe
alfheim/flowers/3-0.json,other,6063,7300733fb8b50a9190fd92067739f8cb955789e2
alfheim/flowers/3-1.json,other,5098,985d9c9d6301aa4a5bd8a8639ec2b0327eff9ab9
alfheim/flowers/4-0.json,other,5848,faf6a9ae7da9fbef0af7d0b2c57ec08322ddc450
alfheim/flowers/4-1.json,other,7078,14720e16a2627158becdbc916f8d48683799814e
alfheim/flowers/5-0.json,other,9410,de3e1ce3d8112f8b1fe9b347f4089531d5f35e41
alfheim/flowers/5-1.json,other,8422,9ebbf8594a65dd5b68334d9fb7130f2b2bae1a3e
alfheim/flowers/6-0.json,other,4772,fc77792ca89ee666b39470b05ba25cdb8dcd542a
alfheim/flowers/6-1.json,other,5092,aa1a2115dcd8cce774738b999d913d0889cd5262
alfheim/flowers/6-2.json,other,4327,6379797c742040c193ec899b3e9c4b88802055c5
alfheim/flowers/7-0.json,other,7688,6707bb537c9be6cbf036e7d8825e28e99d984a49
alfheim/flowers/7-1.json,other,7454,74d427181b170ae3af73fc63599393cdcdbe1642
alfheim/flowers/8-0.json,other,8092,a622962862e59cc741510d8f6583e3ac6ded392f
alfheim/flowers/8-1.json,other,7832,f4e1b5a123e5c49ad08d0e9491a979b7b522b76d
alfheim/flowers/9-0.json,other,4121,a6bb18bb32d4e916c096dee4acc20b1c6fa29588
alfheim/flowers/9-1.json,other,4129,1af2b5ebfc151b1c6fc18e88fbab83c2f4f7cab6
blockstates/alfheim_dream_leaves.json,blockstate,383,8ace1cee48a1ed98c15e75af86c58d8596b68c26
blockstates/alfheim_elven_sand.json,blockstate,66,a21c0bf6fa385be25bbfc7f88a860ed23b46a951
blockstates/alfheim_red_grape_0.json,blockstate,3394,6b979a774bb8c41498937e6a174199d1508805c2
blockstates/alfheim_red_grape_1.json,blockstate,3394,6b979a774bb8c41498937e6a174199d1508805c2
blockstates/alfheim_red_grape_2.json,blockstate,3394,6b979a774bb8c41498937e6a174199d1508805c2
blockstates/alfheim_white_grape.json,blockstate,166,590fe2d056dac9979ad2abede4b5931812f814b8
blockstates/beam_core.json,blockstate,1829,953ae83315ba52c78de0c72a096ffd32c1d447bf
blockstates/bm_computer_casing.json,blockstate,2003,f878edc65549825d6af791004dee056449485d40
blockstates/bot_block.json,blockstate,1426,0f4eca12da0d92db79a8883dd8685c7e8998f6b0
blockstates/constellation_crystal.json,blockstate,391,c02a56cd2b5b84a21c976996bbb7236b04b8dbd3
blockstates/eldritch_eye.json,blockstate,424,05069a06763d782578b8f1f6bd51f866dcabfcb4
blockstates/flesh_block.json,blockstate,80,62504c943565d3b8d33bce23ac0cd106cbdf7d9f
blockstates/flesh_flower.json,blockstate,492,3e8bd468759372b8eff40009a9c2424f9e3bc7df
blockstates/flesh_heart.json,blockstate,80,2fbdc45ca49c40148242e2d88b299afbd0c75db4
blockstates/flesh_leaves.json,blockstate,351,1c01c870a18ed06ab3af4c89d2249651634f4bb7
blockstates/flesh_plant.json,blockstate,3486,321e23de1f8850ee3645aad3da24248b255912a0
blockstates/flesh_sapling.json,blockstate,139,6973e0d459bac2d75367a4b7a1f120afb6499d36
blockstates/fusion_reactor.json,blockstate,1704,7a16952a3c9a8e53b303a70e12c86acc7bda0f79
blockstates/glass.json,blockstate,2180,bd2dc4e8ddf3ec8ab71b614c65bd1e4a4c47ecd3
blockstates/gtessentia_input.json,blockstate,610,9949b50142eb5dac691dab492f6915ca7346a64a
blockstates/heart_fruit.json,blockstate,263,c4e9f14d9f61d7e372bee0716e6a4a7e59ac9a74
blockstates/hyper.json,blockstate,1010,012721bcb81d4d237be2ccab51bc797c611c2253
blockstates/magic_block.json,blockstate,2130,b8e749ab62dcc2d0f16d83088f8a0437f39d1f8b
blockstates/magic_circle.json,blockstate,73,8817db9cfc0bdd4983c3692335a7ba9b0c26ab00
blockstates/mana_plate.json,blockstate,1155,6428781544add90997a3db04c6bc8c825cb1f223
blockstates/mineral_extractor.json,blockstate,104,e394cc1e0fd9d6710bab96248a3a237dc46aa5ce
blockstates/portal.json,blockstate,761,1c4af298996512d31a83ed5ac4278e4d87c382b7
blockstates/rainbow_leaves.json,blockstate,787,b2aba20c14854f01499ce8013f628309bd6f7620
blockstates/rainbow_sapling.json,blockstate,143,06ea6f5a76a304c219cdc1251354282dc0f81903
blockstates/starstream_chunk_anchor.json,blockstate,666,82aaad98bf994994222f9df72f188c139e0eafd2
blockstates/starstream_interdimensional_relay.json,blockstate,656,e1fa1fe317b394b7c069ef270fa3e6fb4c7286e8
blockstates/starstream_obelisk.json,blockstate,695,05671056557aac657664b8d176ff2a8f478da136
blockstates/starstream_operation_core.json,blockstate,186,8c25b813810b633b4a562f8bff85b692b42c25e6
blockstates/starstream_relay.json,blockstate,666,f1a958f5efe7a0902b8df290172c946cc419cd99
blockstates/tentacle.json,blockstate,3199,47b74b3dc480d092b44620d44e2fc21b533c380e
blockstates/test_block.json,blockstate,77,07de0a7ca3aa20a0eb9a2c5963fc172e8de9c632
blockstates/turbine.json,blockstate,1794,37e245c682cf7aa4310402075cf2dad26c6ed1fc
blockstates/wire_coil.json,blockstate,2394,d04951ce559082fd5ef078cebe9bb522b2e076db
lang/en_us.lang,lang,141366,df0f7a3ca25e3c84f265a95fdd0ab953dc147b41
lang/zh_cn.lang,lang,132955,d34f934c39f6d6baa822a85ff6f552ee86f67072
loot_tables/entities/basalz.json,loot_table,1106,413f16f5793269c3e9d723681338cb3122cca96e
loot_tables/entities/blitz.json,loot_table,1100,84268c3ecced55eedc41460a297ee5db81d2ba45
loot_tables/entities/blizz.json,loot_table,1019,b5bc307c2351913651dba14d7cdc7d65085c9ea4
loot_tables/entities/loot_table_aer.json,loot_table,1738,093b958246fefb7975e765d4986672f3dbd6f764
loot_tables/entities/loot_table_aqua.json,loot_table,1739,6cd4fcabe9866560e54fe892e923f2a738f4c653
loot_tables/entities/loot_table_ignis.json,loot_table,1740,05cb193a400f13900d640adeb61f670cc82d55ac
loot_tables/entities/loot_table_ordo.json,loot_table,1739,3a6bac7d738bda4031fdd88480d874ddb8f32e44
loot_tables/entities/loot_table_perditio.json,loot_table,1743,99f9645c2f2111b616edc2bad4dda3cbb64956a7
loot_tables/entities/loot_table_terra.json,loot_table,1740,731d8891689f296b7b81c76323c41bda47100f34
models/block/alfheim_dream_leaves.json,model_block,109,b289a2440923c72b699abcc81efbd07d5378bb1e
models/block/alfheim_elven_sand.json,model_block,86,d07e9e3c50b644d7ed3a449a4ad2c0bffffcab36
models/block/alfheim_white_grape.json,model_block,40,df47757010bd3a133e552f1fff7cdda5be5c7bf1
models/block/constellation_ritual_crystal.json,model_block,1872,559181c7bdea406e543761a833d69d075764c4ac
models/block/constellation_ritual_crystal.mtl,model_block,65,6014cdd4139c2e58068a2e80e02a88d6cd01747e
models/block/constellation_ritual_crystal.obj,model_block,399,79440096cbfbff84cc7db7ed27ef4dea1f38cc4a
models/block/constellation_tower_core.json,model_block,2243,fbee5d5e9c102016200a7b765cb1221eee824d13
models/block/constellation_tower_core.mtl,model_block,65,6014cdd4139c2e58068a2e80e02a88d6cd01747e
models/block/constellation_tower_core.obj,model_block,979,6c97126690b2cc6052676d4103d7da846847c6bb
models/block/eldritch_eye_closed.json,model_block,102,6bf2844ee72ddc987c6c144dc2514ada8a518c87
models/block/eldritch_eye_open.json,model_block,100,83f8b804b20ef2c0aaeef57e8317a402ad45ae5f
models/block/flesh_block.json,model_block,94,f0e120bc8af9339947db045d2426ff63d8c02ccf
models/block/flesh_flower.json,model_block,3380,2399a74e4466d3326e4fe7b8e06bed28d9a3da63
models/block/flesh_flower_dead.json,model_block,3390,c72866c33830a21acc07a6ddc3aea92388cd6b7a
models/block/flesh_heart.json,model_block,94,a60a9eb0f345b649f7ab248859fd98a3c33d087a
models/block/flesh_leaves.json,model_block,93,fca82e929f7cbfae0b0457dc3f36529ea3441305
models/block/flesh_plant.json,model_block,4441,8e41b0d016adf0f112e9b89b3d3312baa5c2f09b
models/block/flesh_plant_noside.json,model_block,416,695fa811d0b2691d142e0dffa78999c5d86ce403
models/block/flesh_plant_noside1.json,model_block,799,2ff454a6a920e5473eed4659e360fc31cf95b9ac
models/block/flesh_plant_noside2.json,model_block,799,ca3daf0d191d291244d88008fbdcb6d3742d072b
models/block/flesh_plant_noside3.json,model_block,799,2ff454a6a920e5473eed4659e360fc31cf95b9ac
models/block/flesh_plant_side.json,model_block,648,20cf3238149317d09bddb43ed75739e3b6b4a56e
models/block/flesh_sapling.json,model_block,95,cc088f3b1ab18cfa5d6b76fdbefdaefd75b38643
models/block/gtessentia_input.json,model_block,2060,440de5c830330972fe27a8e4e134b2d148254a46
models/block/heart_fruit_stage0.json,model_block,100,f268e463b92b0ccb8879b0fb42b81ab99b727818
models/block/heart_fruit_stage1.json,model_block,100,9e5d9640f734efa01c2b4be025992ef882354a7f
models/block/heart_fruit_stage2.json,model_block,100,078b49d726cc0d533c64dcedaad896cd7bd0630b
models/block/heart_fruit_stage3.json,model_block,100,300050fd84804514c02c8dac5b9caa1df81e5475
models/block/mineral_extractor.json,model_block,101,372bf3406afb211fa48213ef7f10f0505e435bfc
models/block/miniature/portal.json,model_block,8959,941abf8426360405399ab553a50d30e6e0e6d783
models/block/portal.json,model_block,214,cc322da60624d326bf1043ec6486629da72f9c61
models/block/rainbow_leaves.json,model_block,99,f967e122b0b5155459c1132782f9eb3159bf27e9
models/block/rainbow_sapling.json,model_block,108,dd1ebd5c00ccdb0f5da42ed3ff9b0451aa8e1cb8
models/block/starstream_operation_core.json,model_block,1782,0935631ccc6baa42506f283607fa902fab289e3a
models/block/tentacle_arm_mid.json,model_block,1705,86364107739a2c6a58d0feebfcca951a681f6a99
models/block/tentacle_arm_thick.json,model_block,1568,daa79b6d2c20c0372eb16791698a91bd464c3cb2
models/block/tentacle_arm_thin.json,model_block,1217,de27fff8d3d7591836a95924dd29be6ac4e3c790
models/block/tentacle_center_mid.json,model_block,878,5a22ff2889f1aa2d23c710fad95c42fd7f89d184
models/block/tentacle_center_thick.json,model_block,821,1a14aec179fec349cf2dfef334f0ba5b3b636779
models/block/tentacle_center_thin.json,model_block,817,08bd405458574d5fe470f68719be4e11d56f1f0f
models/block/tentacle_mid.json,model_block,550,17f0f7a19d8d0adc1ff1a26af4075362b7f32756
models/block/tentacle_thick.json,model_block,556,076cc8aba05ec611a99e15a2e1818e2bdd4f50e0
models/block/tentacle_thin.json,model_block,553,4473acb171a42fbe90a21d256a8d7236227b9025
models/block/test_block.json,model_block,99,b0e9a87635d5e4772fe6e9fa612f5cffc9273cb5
models/block/util/flat.json,model_block,346,bcdda5ea1ed2752a87e6e4930e8b7aa928d965af
models/item/alfheim_dream_leaves.json,model_item,58,a22a8c4ee15ce1cb9be9b1a770dc6eb2144fa549
models/item/alfheim_elven_sand.json,model_item,49,38eaca2694ada36ce55cc6fded0ca05c255e64f1
models/item/alfheim_red_grape_0.json,model_item,34,1ad52bb9ae0db204f59d4d5f13434bf8278d8e45
models/item/alfheim_red_grape_1.json,model_item,34,1ad52bb9ae0db204f59d4d5f13434bf8278d8e45
models/item/alfheim_red_grape_2.json,model_item,34,1ad52bb9ae0db204f59d4d5f13434bf8278d8e45
models/item/alfheim_white_grape.json,model_item,50,10c1aa91e8a123656201fee1c6d9eb1c2e7cbd8c
models/item/eldritch_eye.json,model_item,48,7490b92f57584557f401919dc6d5a564c05999ad
models/item/flesh_block.json,model_item,49,0470390002ee4bdea4fabec2409d75c09e5fa5e1
models/item/flesh_flower.json,model_item,52,cf50cafb5903431a6112314c9ec2c6e7f9680c0d
models/item/flesh_heart.json,model_item,49,02b8154259b32fab761a8b90df6b61ef3380d523
models/item/flesh_leaves.json,model_item,50,29455d992da140187ea4a7687be2f5c82a7cdc90
models/item/flesh_plant.json,model_item,51,0deb9b1c5a3db93c5e3d87455815755d48e208e0
models/item/flesh_sapling.json,model_item,51,2acf56edb9509cd55a40040414b470de3176f924
models/item/heart_fruit.json,model_item,96,e5c1dd914ab3ee6af500e6a7665e84bad018e602
models/item/heart_fruit_block.json,model_item,56,0f2786f3a9a2ad4fa705fd3169a9e74f9fae8ac6
models/item/heart_fruit_i.json,model_item,96,e5c1dd914ab3ee6af500e6a7665e84bad018e602
models/item/magic_circle.json,model_item,105,0226782db72d978c37af1924dfb70173904e3e62
models/item/mineral_extractor.json,model_item,987,169250f59d12d00a4e3ecfa2969373d404abefdf
models/item/mte.json,model_item,241,b63a0a28b5a1ab81270c5e03f1bfcb8dbd7d8922
models/item/rainbow_leaves.json,model_item,52,13193f0b2f2e8b1d8c57304b91555bfbc58262d0
models/item/rainbow_sapling.json,model_item,105,ab8d8b5e440436ddc89d1e4c5a931e652b12d272
models/item/starstream_operation_core.json,model_item,63,2c8091d7ab90618ff700ebaf95df1423154b6364
models/item/tentacle.json,model_item,43,4f6adf99be02d3b16c33e85e77c17f4a3949f1d2
models/item/test_block.json,model_item,46,8b876c0d208f76dba65509145169881f10ca0ee7
models/magic_circle.obj,model_other,2609,8f4061ac901f28d4e780347bf942dc24ab5ff590
models/magic_circle.png,model_other,79987,c532d9eae46d3f3e10c53103d3e6243fd03349e7
models/obj/sun.mtl,model_obj,229,ab9204bb930f33b2a100d4b788a3a2075182ecbb
models/obj/sun.obj,model_obj,78434,88bec94635cb3c89d617555d600d36eb6fe25a54
models/obj/sun.png,model_obj,1401,96fd9d73172561bbadc8fc54581c759ffeae25ca
sounds/mob/basalz/ambient.ogg,sound,98785,255d24768751ebfb8c4cb23b25eb65807200086f
sounds/mob/basalz/attack.ogg,sound,7702,300bba6a839c4aac7545d4921f9d7497fe61617e
sounds/mob/basalz/breathe0.ogg,sound,48141,c446dc172500a7aa86c848a109572f4299b89873
sounds/mob/basalz/breathe1.ogg,sound,23000,446d2bb60d1c526c6eb56c86308ba4edcd650f9a
sounds/mob/blitz/ambient.ogg,sound,101158,e6634ab1185f29179ba23ecf0692e74560b1c45c
sounds/mob/blitz/attack.ogg,sound,7941,41631e7f039dd39571d310a7b07bcabfc832b553
sounds/mob/blitz/breathe0.ogg,sound,17123,cb4f9e1cecb3b88fbc50afe5de2e75ae5c75013b
sounds/mob/blitz/breathe1.ogg,sound,36123,2ffb80f02404ad2b2a5088ac063f1f27712b6f0b
sounds/mob/blitz/breathe2.ogg,sound,15901,c1426969f1ae10cdb7115c1a73c298f8f6778c4c
sounds/mob/blizz/ambient.ogg,sound,267025,510a0e62bf9ffe841c197b97ab713ded6bcb7961
sounds/mob/blizz/attack.ogg,sound,7941,41631e7f039dd39571d310a7b07bcabfc832b553
sounds/mob/blizz/breathe0.ogg,sound,31744,e74c8663f2d859a8a43ed6e88999d79380850bd9
sounds/mob/blizz/breathe1.ogg,sound,48581,6f462e2b99d60352f4a4b94c5c5a1e1b5f21928d
sounds/mob/blizz/breathe2.ogg,sound,26989,45ef83b814b67ca4e67244d1474aa1480f096257
textures/blocks/alfheim_dream_leaves.png,texture_block,3609,8ec9cad86849b91b425b169e5535d0f9e1bca3e1
textures/blocks/alfheim_elven_sand.png,texture_block,3299,2097cdb73c3606d2eb97a5e7ed9ce4f7a4387bf1
textures/blocks/eldritch_eye_closed.png,texture_block,136,4d2c0371df9ec6e2e5a0e01820687558546383ee
textures/blocks/eldritch_eye_open.png,texture_block,381,c7330a45deda1531123cef614d12e2b2fa2b713f
textures/blocks/flesh_block.png,texture_block,835,ed7872802f996ce3b7372ec0bce35fed9b195c23
textures/blocks/flesh_flower.png,texture_block,897,ea9fafeeebd8d2d06c76d89c8c5b842916335fdc
textures/blocks/flesh_flower_dead.png,texture_block,887,c623da77f57ba5140b43466ace9ba6560c3163b3
textures/blocks/flesh_heart.png,texture_block,722,6923f953c43f824e30569084469202aba3509681
textures/blocks/flesh_leaves.png,texture_block,925,b1c491c5aacd3ced315031fa0c495c3d7a8e29e6
textures/blocks/flesh_plant.png,texture_block,790,c22aedf5fe7c6bb1e8d9bc57f2c793a95cdf4c3a
textures/blocks/flesh_sapling.png,texture_block,127,a00142e7965edf0867dad6eb0a149c054c3a5197
textures/blocks/heart_fruit_stage0.png,texture_block,234,e0fe4bf7864a4570d6f26ce0eafe1fed6588305e
textures/blocks/heart_fruit_stage1.png,texture_block,301,44a0d2a530b393526a089f3f84dc34d28cbcbe35
textures/blocks/heart_fruit_stage2.png,texture_block,381,4d0e8bf448a76ebce8c4768202cbdfe3db774f7c
textures/blocks/heart_fruit_stage3.png,texture_block,467,de7c276caf9403829901bfb16d1d7b48fb47825a
textures/blocks/portal_barrier.png,texture_block,14392,9f0570547906bed59ad74c73a3f2cde6f916c5b7
textures/blocks/portal_barrier.png.mcmeta,texture_block,109,09178eab21572d32587369a1af635eebe1a53e24
textures/blocks/starstream/constellation_anchor.png,texture_block,11599,26c4dd565865e23b5cfba216e141107fdfaf6a41
textures/blocks/starstream/obelisk_core.png,texture_block,11762,d70503509e1fb7276d0c6f3e8a6a20e1b99fcbd0
textures/blocks/starstream/starstream_casing.png,texture_block,11709,01bd948f1c434be60d37205df9850509cd02b88f
textures/blocks/starstream/starstream_runed_casing.png,texture_block,9781,381c92adb4b081b25e1d453719e14b5a9af048e9
textures/blocks/tentacle_mid.png,texture_block,607,d80efef8e97b406d2a196ebb2b1a2b9ce73fd12f
textures/blocks/tentacle_thick.png,texture_block,760,f1ea77869cca3ddac63c461f6a794cbf82ddb19c
textures/blocks/tentacle_thin.png,texture_block,628,0654a48b42eff2216e247641db141955eb7c1f54
textures/blocks/test_block.json,texture_block,46,8b876c0d208f76dba65509145169881f10ca0ee7
textures/blocks/test_block.png,texture_block,166,f3e2f1d7ecd8dbccfc499852544f4c17969cfef1
textures/entity/basalz.png,texture_entity,1290,099dfb85471ea252759a3eeab138686c4086c61e
textures/entity/basalz_xmas.png,texture_entity,1370,c4b52fa8009f757d5951f8420b638489232be306
textures/entity/blitz.png,texture_entity,1476,866ac3c0f59582ff2502f52fed04b46805a71c50
textures/entity/blitz_xmas.png,texture_entity,1486,988cb3364b41accb9b3b73a40a7a8fdfa506daa0
textures/entity/blizz.png,texture_entity,1833,8c3faac549400d7c48ff1d42ea200a4f8f90ca37
textures/entity/blizz_xmas.png,texture_entity,1829,cc2d14947cd9f0ae6a06b2c324a4a629ab0129e6
textures/entity/slime/slime_aer.png,texture_entity,2621,f0b497e0d221176198caa9d2ea779c0690297ec9
textures/entity/slime/slime_aqua.png,texture_entity,2767,1c52e38d12ca3d1904c2dd2b06112e70d24c6dec
textures/entity/slime/slime_ignis.png,texture_entity,2556,4fbac146bf3a154401332f03de6f9b0d349bc280
textures/entity/slime/slime_ordo.png,texture_entity,2781,89bfc9677a41559c2bac7ee80db5f05c94a8c02e
textures/entity/slime/slime_perditio.png,texture_entity,2771,2962087cfae7bcc5417039d12a79a4c0d408b522
textures/entity/slime/slime_terra.png,texture_entity,2759,dddd3ec6a2694880e6159f1b91d300bb8734b6bb
textures/entity/slime/slimebase.png,texture_entity,448,8b673dc2f1de72f54f12c0683c732566730473f1
textures/items/heart_fruit.png,texture_item,364,16e4668d91ca913b5cadd1bbe8fa8f54e7256c59
textures/items/magic_circle.png,texture_item,55859,005e523828a3edd5d69e8ad2d9aacf652ae7a6ab
textures/items/metaitems/battery.ev.magic/1.png,texture_item,718,54ee17beb8c97e9e2e9a0bba9161044641890950
textures/items/metaitems/battery.ev.magic/2.png,texture_item,732,605233b3290a37039f0c4a138528d7340cbe1d7a
textures/items/metaitems/battery.ev.magic/3.png,texture_item,733,11f9317a08bdb2cc1b53fb2e5efd7fb63473f6b1
textures/items/metaitems/battery.ev.magic/4.png,texture_item,738,fe53ef8859a35de5f69f3d22673a095a4b3d8434
textures/items/metaitems/battery.ev.magic/5.png,texture_item,739,d750af9c82c0f694021d9a26dc16f89207d73385
textures/items/metaitems/battery.ev.magic/6.png,texture_item,755,0a878f100f1117cf18809f2d73269774ae842c76
textures/items/metaitems/battery.ev.magic/7.png,texture_item,752,35bfaccef646ccba64b2f99765777891623dbbeb
textures/items/metaitems/battery.ev.magic/8.png,texture_item,744,d8a8053431a9cd43811571d611ab49adebb78d6b
textures/items/metaitems/battery.hull.ev.png,texture_item,701,e82b839ad6c2e523d2aac0ad0992fc713abb1a40
textures/items/metaitems/battery.hull.hv.png,texture_item,691,7ff7212d0213789bbda91728440bae07bb8e71f3
textures/items/metaitems/battery.hull.iv.png,texture_item,657,a16f82a6b53d4e0e8047fa4c6436a20e93a733cc
textures/items/metaitems/battery.hull.luv.png,texture_item,678,24bce37ec319fa998c1d45a4055caeabf409faf0
textures/items/metaitems/battery.hull.lv.png,texture_item,642,352e21ef39fd1dc31e27b1d96553f942c3284903
textures/items/metaitems/battery.hull.mv.png,texture_item,710,537955d72b26d78f43cfe51cffd35ab2022d660d
textures/items/metaitems/battery.hull.uv.png,texture_item,649,b8e8ca59bc20813c38bc98d27378b7578c9b2ef8
textures/items/metaitems/battery.hull.zpm.png,texture_item,710,6b1ae57a79b2b7e705528d7e042fe2588f72edd1
textures/items/metaitems/battery.hv.magic/1.png,texture_item,714,e6e127af5756d942e55523568d3175fdfb5c45c6
textures/items/metaitems/battery.hv.magic/2.png,texture_item,722,be7d7b1caaeb5ca8dfd11b43ef23e03998191b80
textures/items/metaitems/battery.hv.magic/3.png,texture_item,728,5010381f468d0d152f3bae5f5f61cce14dd9ea79
textures/items/metaitems/battery.hv.magic/4.png,texture_item,727,6d8e6c51b9cd2c2bd4be30a4612aa4ec5b796b06
textures/items/metaitems/battery.hv.magic/5.png,texture_item,744,58c65e9bb5fd93eb1e9bf590ea749608a44f45ab
textures/items/metaitems/battery.hv.magic/6.png,texture_item,744,8ed6ff1999d1c15614540fdc31e036e029962b6b
textures/items/metaitems/battery.hv.magic/7.png,texture_item,739,d4091b87fa980649d926402382408287953401f9
textures/items/metaitems/battery.hv.magic/8.png,texture_item,741,55d29ced69b6f4aa00a2323f1752832e46dd1f85
textures/items/metaitems/battery.iv.magic/1.png,texture_item,693,28df38a2db9f17ca60513eedbdd83746f27d4642
textures/items/metaitems/battery.iv.magic/2.png,texture_item,697,54ab9619590d6e4aa4233b12c5096264aa9b70f6
textures/items/metaitems/battery.iv.magic/3.png,texture_item,704,ba78499b3f255ba1adb8258737c53ef397a9fdf2
textures/items/metaitems/battery.iv.magic/4.png,texture_item,706,158abef24a97cdd86688d84d23a89716475676b2
textures/items/metaitems/battery.iv.magic/5.png,texture_item,714,df6fffd3c101e5777877c7f3852a6d9397a5315f
textures/items/metaitems/battery.iv.magic/6.png,texture_item,716,3e08e8e7bb4d29a1c51a26e3a3ececd01dd3af2a
textures/items/metaitems/battery.iv.magic/7.png,texture_item,726,8827571a3dfd3952272b35520331c64874cdfe76
textures/items/metaitems/battery.iv.magic/8.png,texture_item,718,b19bec75deec7166b1172b69813d75da11670eba
textures/items/metaitems/battery.luv.magic/1.png,texture_item,697,0d8343f4f662fb56147dc0bc738299469f852ae9
textures/items/metaitems/battery.luv.magic/2.png,texture_item,703,9ad220f01da905982552ecd0e71a15346671db39
textures/items/metaitems/battery.luv.magic/3.png,texture_item,704,0da99915a1d68f835d024cc06ef2d37de6aa62ef
textures/items/metaitems/battery.luv.magic/4.png,texture_item,716,14b14ab5693c2f19b1e51f21b84cd2d3314aab4e
textures/items/metaitems/battery.luv.magic/5.png,texture_item,725,118d726262a1aaed9a64aac4410ba42de97bb351
textures/items/metaitems/battery.luv.magic/6.png,texture_item,727,596657de80d64c72bf90d86cb0640e5eb965eae4
textures/items/metaitems/battery.luv.magic/7.png,texture_item,730,0f61eb432965a3264daba3833cebc7bc00f81a6d
textures/items/metaitems/battery.luv.magic/8.png,texture_item,721,202dea6c82081af4272c78b086e8ccc729278f2f
textures/items/metaitems/battery.lv.magic/1.png,texture_item,667,71de7154940d9857a3a328a5eadb0ab6650f5dbc
textures/items/metaitems/battery.lv.magic/2.png,texture_item,675,a2df4511ab5593501fbed6df9b79e751eced09f7
textures/items/metaitems/battery.lv.magic/3.png,texture_item,685,04c6c76b02fc16f6621d46dc03aac65700f164c3
textures/items/metaitems/battery.lv.magic/4.png,texture_item,690,771938016fded4bba14a4c69a783d7868565fd2a
textures/items/metaitems/battery.lv.magic/5.png,texture_item,695,a8499a1914ad127d675557e2f47cd24366c8e328
textures/items/metaitems/battery.lv.magic/6.png,texture_item,694,8cdd13a387f8ec4092acefdc8c3062517940204d
textures/items/metaitems/battery.lv.magic/7.png,texture_item,698,18f9d604ca45034c356631b1da28e6da8b3c0658
textures/items/metaitems/battery.lv.magic/8.png,texture_item,694,b611195929c39626959ffe7ab6fdfcf74525b98f
textures/items/metaitems/battery.mv.magic/1.png,texture_item,715,eb3193a508666273bb26cd7fd33a24152234f2b6
textures/items/metaitems/battery.mv.magic/2.png,texture_item,723,f8245e137254175f4f9a97770489de653d617593
textures/items/metaitems/battery.mv.magic/3.png,texture_item,732,10120f334ad7585e672af1e22b8704b0b619b514
textures/items/metaitems/battery.mv.magic/4.png,texture_item,733,b701550d6bc8547b901599ad133ce769213ee527
textures/items/metaitems/battery.mv.magic/5.png,texture_item,740,4de43050d730d092d4f54de4afc63129bc9e3729
textures/items/metaitems/battery.mv.magic/6.png,texture_item,740,dc8c76c1ad83cc18d215b19fdb625a182b6af212
textures/items/metaitems/battery.mv.magic/7.png,texture_item,742,d86f437fa05af6da51b6c74e416d821d0f7d21f2
textures/items/metaitems/battery.mv.magic/8.png,texture_item,740,1ab7bb4fb4882675d39fa9e89ecd96736ae597b9
textures/items/metaitems/battery.uv.magic/1.png,texture_item,670,44cd3155cb37e758582ddd6f6746be2d087bb4d1
textures/items/metaitems/battery.uv.magic/2.png,texture_item,679,38afe505b318f13c06f7a390984264694babd580
textures/items/metaitems/battery.uv.magic/3.png,texture_item,695,0db107fe3e60d0544debd170ac549a3d8fb6295b
textures/items/metaitems/battery.uv.magic/4.png,texture_item,701,932e06d4a6c13eda4c43290df6e2170f59ad3d07
textures/items/metaitems/battery.uv.magic/5.png,texture_item,710,40cb7545f9d62d50125486af83ca84b6de0461f4
textures/items/metaitems/battery.uv.magic/6.png,texture_item,712,6003ef2d8acca653664fb79095d808bbb9006469
textures/items/metaitems/battery.uv.magic/7.png,texture_item,709,c89ec96d28e1eb93c686e70cbd80f20e1a9702ae
textures/items/metaitems/battery.uv.magic/8.png,texture_item,712,f5edbcca6f087e87f3d5d64d8468434437e45cd9
textures/items/metaitems/battery.zpm.magic/1.png,texture_item,712,8c756d678d2b999a3644b55d1e23322ed7e59e2c
textures/items/metaitems/battery.zpm.magic/2.png,texture_item,723,6cb78dc3e5c0c70f5c01ca488a9b7609f2be734e
textures/items/metaitems/battery.zpm.magic/3.png,texture_item,728,13aac39743c30a008398ac3519cccdd09e8f67b6
textures/items/metaitems/battery.zpm.magic/4.png,texture_item,732,28c773ddc1c57b44598cc75c73f4a4c3686fcecf
textures/items/metaitems/battery.zpm.magic/5.png,texture_item,752,db6c63086ec6c44ae35afaa101aa88a468dafb78
textures/items/metaitems/battery.zpm.magic/6.png,texture_item,754,3889c850a9b01f5290a082785b52967c519ded68
textures/items/metaitems/battery.zpm.magic/7.png,texture_item,753,10e28ea110b5db27e0cdbf715248e4395f607493
textures/items/metaitems/battery.zpm.magic/8.png,texture_item,755,135be0ccbb998cc0c50fdd3f38a781cf523ee270
textures/items/metaitems/baubles/water_ring.png,texture_item,1892,3baf2600339af0a2e10e4300428e380f5befe5f8
textures/items/metaitems/black_rune.png,texture_item,814,efe0e28263e36867fe6fe36a8c7810fb7ba628be
textures/items/metaitems/blank_catalyst_core.png,texture_item,9891,0b543c9d1bb1fecf5cf678964a03f1e772d46118
textures/items/metaitems/blank_catalyst_core.png.mcmeta,texture_item,31,b49b01ecab0d5bf01a67c0c351a493fe352f86a4
textures/items/metaitems/blood_circuit.png,texture_item,2747,4706b4cdfeb4d319464e5db46dd6d46587cdfd4d
textures/items/metaitems/blood_circuit.png.mcmeta,texture_item,47,a0d21bef1468be6c1b9a478fbfa8104df5bcae8b
textures/items/metaitems/blood_circuit_advanced.png,texture_item,4764,24668001529e11d368016cd7e5eab540ab0470b9
textures/items/metaitems/blood_circuit_advanced.png.mcmeta,texture_item,47,a0d21bef1468be6c1b9a478fbfa8104df5bcae8b
textures/items/metaitems/blood_circuit_supreme.png,texture_item,72025,10be343caa699709de3fd02855eb679df183c4f7
textures/items/metaitems/blood_circuit_supreme.png.mcmeta,texture_item,47,a0d21bef1468be6c1b9a478fbfa8104df5bcae8b
textures/items/metaitems/blood_circuit_ultimate.png,texture_item,14017,2e5e093356c3716de386b9738e1f76fffdfed7db
textures/items/metaitems/blood_circuit_ultimate.png.mcmeta,texture_item,47,b991c58227abfbde58e98f1bcbfc7cc7ab8e596d
textures/items/metaitems/circuits/ev.png,texture_item,34392,4eb0bc7c66b6133ae8ab20201fe7ec4234fdb5be
textures/items/metaitems/circuits/ev.png.mcmeta,texture_item,50,365f1892738f6c9aa36bb34c80def20212189e6c
textures/items/metaitems/circuits/hv.png,texture_item,53261,fc99fdfaa7775378729cca38c680b1b265b9d714
textures/items/metaitems/circuits/hv.png.mcmeta,texture_item,50,365f1892738f6c9aa36bb34c80def20212189e6c
textures/items/metaitems/circuits/iv.png,texture_item,46889,b71739d274a885284c0184f0042982421bc49e90
textures/items/metaitems/circuits/iv.png.mcmeta,texture_item,50,365f1892738f6c9aa36bb34c80def20212189e6c
textures/items/metaitems/circuits/luv.png,texture_item,41699,b102213e73768d9461a318861c2a343d85f7d2c6
textures/items/metaitems/circuits/luv.png.mcmeta,texture_item,50,365f1892738f6c9aa36bb34c80def20212189e6c
textures/items/metaitems/circuits/lv.png,texture_item,40683,f9d59b69d472ba108909329343c79f1b9e259e07
textures/items/metaitems/circuits/lv.png.mcmeta,texture_item,50,365f1892738f6c9aa36bb34c80def20212189e6c
textures/items/metaitems/circuits/max.png,texture_item,59511,1ab72ef381c786b76b4129977e34c29d4ca1b977
textures/items/metaitems/circuits/max.png.mcmeta,texture_item,50,365f1892738f6c9aa36bb34c80def20212189e6c
textures/items/metaitems/circuits/mv.png,texture_item,55583,828f08365d8d1fdcad47dcf363ceb9b584e21fb7
textures/items/metaitems/circuits/mv.png.mcmeta,texture_item,50,365f1892738f6c9aa36bb34c80def20212189e6c
textures/items/metaitems/circuits/opv.png,texture_item,49454,1d9403ea5844641ed842c0d9d97d4510c8c94070
textures/items/metaitems/circuits/opv.png.mcmeta,texture_item,50,365f1892738f6c9aa36bb34c80def20212189e6c
textures/items/metaitems/circuits/uev.png,texture_item,52936,71111e2c374da64b1da8367fd49651381a79a3b9
textures/items/metaitems/circuits/uev.png.mcmeta,texture_item,50,365f1892738f6c9aa36bb34c80def20212189e6c
textures/items/metaitems/circuits/uhv.png,texture_item,60837,ea3e4c40b6afb9833b765e8a3f7dc0decdc0f320
textures/items/metaitems/circuits/uhv.png.mcmeta,texture_item,50,365f1892738f6c9aa36bb34c80def20212189e6c
textures/items/metaitems/circuits/uiv.png,texture_item,67202,dc14997a3ba2ed12461886c534ea00d48c581095
textures/items/metaitems/circuits/uiv.png.mcmeta,texture_item,50,365f1892738f6c9aa36bb34c80def20212189e6c
textures/items/metaitems/circuits/ulv.png,texture_item,33134,d8ce9d7157b8dc730ca49afc442decea9f36cc59
textures/items/metaitems/circuits/ulv.png.mcmeta,texture_item,50,365f1892738f6c9aa36bb34c80def20212189e6c
textures/items/metaitems/circuits/uv.png,texture_item,43166,2192fc726ab6043d89293d74cba2a8a3003b99d7
textures/items/metaitems/circuits/uv.png.mcmeta,texture_item,50,365f1892738f6c9aa36bb34c80def20212189e6c
textures/items/metaitems/circuits/uxv.png,texture_item,51615,e5bfd801c2ea05264eae6711770bd840914b6b65
textures/items/metaitems/circuits/uxv.png.mcmeta,texture_item,50,365f1892738f6c9aa36bb34c80def20212189e6c
textures/items/metaitems/circuits/zpm.png,texture_item,57166,9ee6ad3bc3835c8ffa06d06231ac8ee7aa06a36f
textures/items/metaitems/circuits/zpm.png.mcmeta,texture_item,50,365f1892738f6c9aa36bb34c80def20212189e6c
textures/items/metaitems/circuits.blood/0.png,texture_item,2315,d721d65b293db00416baa4b978fbb839f26232a6
textures/items/metaitems/circuits.blood/1.png,texture_item,3034,0684d0739be6a9c7476a7edd24dfa1c29c87e267
textures/items/metaitems/circuits.blood/10.png,texture_item,3044,2ffb0b0d0c1638478e9b1b66daacbec20e973384
textures/items/metaitems/circuits.blood/10.png.mcmeta,texture_item,47,a0d21bef1468be6c1b9a478fbfa8104df5bcae8b
textures/items/metaitems/circuits.blood/11.png,texture_item,4266,26d6e23f7a2b12f98d691a80596ddd131189510e
textures/items/metaitems/circuits.blood/11.png.mcmeta,texture_item,47,a0d21bef1468be6c1b9a478fbfa8104df5bcae8b
textures/items/metaitems/circuits.blood/12.png,texture_item,14017,2e5e093356c3716de386b9738e1f76fffdfed7db
textures/items/metaitems/circuits.blood/12.png.mcmeta,texture_item,47,b991c58227abfbde58e98f1bcbfc7cc7ab8e596d
textures/items/metaitems/circuits.blood/13.png,texture_item,72025,10be343caa699709de3fd02855eb679df183c4f7
textures/items/metaitems/circuits.blood/13.png.mcmeta,texture_item,47,a0d21bef1468be6c1b9a478fbfa8104df5bcae8b
textures/items/metaitems/circuits.blood/2.png,texture_item,3068,83c61ffea9536762f7e1235f347ec5a7f5fe9f85
textures/items/metaitems/circuits.blood/3.png,texture_item,3261,f0926bf854f10f4673d46b12d6b3de01a299de2a
textures/items/metaitems/circuits.blood/4.png,texture_item,2038,e917586ec1958c715c4854deb4d33de1770fc028
textures/items/metaitems/circuits.blood/5.png,texture_item,2490,66dadadfea0e24b1f4c600e4b8eafa5cc1e7fbaa
textures/items/metaitems/circuits.blood/6.png,texture_item,2118,edc009a093c3e5ca24d9c1e52f5637741f8b21f8
textures/items/metaitems/circuits.blood/7.png,texture_item,2068,5cb4fa3a1e1bce96960aa935fdb7af60534b83fa
textures/items/metaitems/circuits.blood/8.png,texture_item,2049,86098d4e1c92f4b84306b2cf74ae31aaea72a1fc
textures/items/metaitems/circuits.blood/9.png,texture_item,1841,2b459363a60b4645d00510c0d78675fff631f6f3
textures/items/metaitems/circuits.blood/blood_circuit.png,texture_item,2747,4706b4cdfeb4d319464e5db46dd6d46587cdfd4d
textures/items/metaitems/circuits.blood/blood_circuit.png.mcmeta,texture_item,47,a0d21bef1468be6c1b9a478fbfa8104df5bcae8b
textures/items/metaitems/circuits.blood/blood_port.png,texture_item,899,468215460b0912f6fc8b537f568ee8937ee49f18
textures/items/metaitems/circuits.blood/endorphins_stabilizer.png,texture_item,1231,cfbf23387447d76f4a42c27e28f8722620f57f37
textures/items/metaitems/circuits.blood/freeze_cooler.png,texture_item,6560,0357ead34713884f91d59778b4fc2f91612d743e
textures/items/metaitems/circuits.blood/freeze_cooler.png.mcmeta,texture_item,31,b49b01ecab0d5bf01a67c0c351a493fe352f86a4
textures/items/metaitems/circuits.blood/freeze_cooler_blank.png,texture_item,1287,a52461b68dd8e8894173a19f905a43178ff583b9
textures/items/metaitems/circuits.blood/ips_human_brain.png,texture_item,1256,b09b4cd365aa5f734cc4df6a1f210acccce2c43b
textures/items/metaitems/circuits.blood/lysosome_stabilizer.png,texture_item,1723,f1d92fbeba0f4509b68af06a07821bcf91f02be0
textures/items/metaitems/circuits.blood/mitochondrion_power.png,texture_item,1986,4a9bb2a8f251c5529fed634929f94ee258253b35
textures/items/metaitems/circuits.blood/primitive_meat.png,texture_item,1700,125d5df8d32adfc83d5acacdd7eeb8b5b7b11276
textures/items/metaitems/circuits.blood/rat_brain.png,texture_item,735,d18c3e71a5d18c06ba9e4c4dc7935ad3ffdadc48
textures/items/metaitems/coking_catalyst_core.png,texture_item,9725,eedbdd649aca10b9f68683311fbf424e3c7ae663
textures/items/metaitems/coking_catalyst_core.png.mcmeta,texture_item,31,b49b01ecab0d5bf01a67c0c351a493fe352f86a4
textures/items/metaitems/cold_catalyst_core.png,texture_item,9925,31b6580e22e447c335058e878bc2bbf139127218
textures/items/metaitems/cold_catalyst_core.png.mcmeta,texture_item,31,b49b01ecab0d5bf01a67c0c351a493fe352f86a4
textures/items/metaitems/devay_pill.1.png,texture_item,256,647e33fef94426a31a5790f6370dfe03863f0064
textures/items/metaitems/devay_pill.10.png,texture_item,514,624c76c33d24097b9d726b87ee01725698f3ca67
textures/items/metaitems/devay_pill.20.png,texture_item,514,f1c0dd527f6f249f179e11e3f6a489688bc7ab4c
textures/items/metaitems/devay_pill.5.png,texture_item,528,120fc2e0b74a98443e432a972d6d96243581f32f
textures/items/metaitems/devay_pill.empty.png,texture_item,521,3e60c7f90c97fb8f8a49b30876ff776db43f3298
textures/items/metaitems/energy_reduce.png,texture_item,3218,e71053aa7d7ae3e62fb64513262386542b266166
textures/items/metaitems/evolution_catalyst_core.png,texture_item,9961,4ed41466de7d3e6f08d1182bc047a164c17c500e
textures/items/metaitems/evolution_catalyst_core.png.mcmeta,texture_item,31,b49b01ecab0d5bf01a67c0c351a493fe352f86a4
textures/items/metaitems/filter.i.png,texture_item,656,513920af6e4e8f1fb02c892d9d97c4e1759f2e41
textures/items/metaitems/filter.ii.png,texture_item,655,00e3fd8f28adc875b2ccd163be91c6c9c3074393
textures/items/metaitems/filter.iii.png,texture_item,654,518a167d83fdf53368aee88d7f86676383009ebc
textures/items/metaitems/filter.iv.png,texture_item,196,71f18a70a426137fa94f10fba4ad5cbbf57bd21a
textures/items/metaitems/filter.v.png,texture_item,651,635b1403d19f9f60bdd1de07f564b252169c244b
textures/items/metaitems/glue_slime.png,texture_item,807,54df783fd282d22ee21901ca240320f313191957
textures/items/metaitems/glycerol_slime.png,texture_item,785,e882c95e3fcfba1a48ef3b395683952bc242061d
textures/items/metaitems/hot_catalyst_core.png,texture_item,9913,e2af2be6b3e4d7595bd792d6d1ae458d3f8f7f2b
textures/items/metaitems/hot_catalyst_core.png.mcmeta,texture_item,31,b49b01ecab0d5bf01a67c0c351a493fe352f86a4
textures/items/metaitems/integration_catalyst_core.png,texture_item,9951,8a6b59066b652a17d076ab6c7c42eec12fc6524e
textures/items/metaitems/integration_catalyst_core.png.mcmeta,texture_item,31,b49b01ecab0d5bf01a67c0c351a493fe352f86a4
textures/items/metaitems/magic.components/auto_elenchus_device.png,texture_item,1132,441b59a738f57e1b52878762ff765cc7f6d4257e
textures/items/metaitems/magic.components/ball_in_itself.png,texture_item,1835,02e851041d2a2eb44cbb530ae0aaf8e6eb5ed838
textures/items/metaitems/magic.components/bottle_of_phlogistonic_oneness.png,texture_item,2180,dac0fb38cebefebd6168786fcbf372ba0d887696
textures/items/metaitems/magic.components/cogito_aed.png,texture_item,1619,552bbb43f2d9cfd925afe6c2c1ab959db4e226ef
textures/items/metaitems/magic.components/core_of_idea.png,texture_item,1826,7a993314b661ce994a36454cb449b5e0d999335a
textures/items/metaitems/magic.components/elucidator_of_four_causes.png,texture_item,2443,d722952636732c69fefa89a2e5042b6a39e4d607
textures/items/metaitems/magic.components/needle_of_mystic_interpellation.png,texture_item,992,63d9867443e9711c0ad2ee530ee10021b9fccb52
textures/items/metaitems/magic.components/symptomatic_vis_data_link.png,texture_item,770,7603f124971d7b3f18024838b277829aa3b20b5e
textures/items/metaitems/magic.integration/arcane_ink_capsule.png,texture_item,460,4100cab3ef779140fa2dab2273ec7f421627af01
textures/items/metaitems/magic.integration/astral_blood_catalyst.png,texture_item,488,e2c6e03c0ee1a6cf9480343ef3f229829413c8b3
textures/items/metaitems/magic.integration/astral_lens_advanced.png,texture_item,666,5a353a58f8a3c92990c2e2de35882d83257b7de1
textures/items/metaitems/magic.integration/astral_lens_basic.png,texture_item,673,3c7b1a1c294937beba9612dd1613861e015a77c8
textures/items/metaitems/magic.integration/astral_neural_bundle.png,texture_item,616,31ad07e1bcbea266c46c094bd4626dcfeece1e80
textures/items/metaitems/magic.integration/astral_resonance_coil.png,texture_item,563,cbb44b66516a31fdf5802c15654c16a1d35f6844
textures/items/metaitems/magic.integration/attuned_crystal_wafer.png,texture_item,2499,a271f17281ea4a6f5f0a452d225c17a6d222d133
textures/items/metaitems/magic.integration/blank_tarot_card.png,texture_item,487,f6238249bda4b982e1c43628c3fad7a66e144f91
textures/items/metaitems/magic.integration/causality_catalyst.png,texture_item,421,e450d73ef6ab288f5a4b121e819ae7ef49df1bb5
textures/items/metaitems/magic.integration/celestial_calibration_core.png,texture_item,428,8cc4145d5b95f3d7255b518b6babf69e8adb23b0
textures/items/metaitems/magic.integration/celestial_crystal_embryo.png,texture_item,5883,18047a4d9b654dc79a3017211ec7942da675221d
textures/items/metaitems/magic.integration/constellation_data_wafer.png,texture_item,7100,636f611da765770f07aa26eb47ca1eb93ad7e9f1
textures/items/metaitems/magic.integration/cultivated_crystal.png,texture_item,5721,9fd7ac18e2fbff9c7faee189a0ee69af23b20939
textures/items/metaitems/magic.integration/depleted_magic_core.png,texture_item,7417,a0a0cc7ed7612a4e4dfd574412037c635663f110
textures/items/metaitems/magic.integration/harmonizing_rune_core.png,texture_item,666,245be2eb6b9430383d23fd76862af44506002b6c
textures/items/metaitems/magic.integration/living_magic_biofilm.png,texture_item,4056,1909a14776414a42e4c0171be63f7a1eed980543
textures/items/metaitems/magic.integration/magic_circuit_board.ev.png,texture_item,13469,0d6436f544fa6e254f218dc5a006c689413c121d
textures/items/metaitems/magic.integration/magic_circuit_board.ev.png.mcmeta,texture_item,50,7445bf40691fe66474ef34504df0faa2d38079aa
textures/items/metaitems/magic.integration/magic_circuit_board.hv.png,texture_item,13565,df77b6aa91c7df8e237dff1c7f9c18543a78e1af
textures/items/metaitems/magic.integration/magic_circuit_board.hv.png.mcmeta,texture_item,50,7445bf40691fe66474ef34504df0faa2d38079aa
textures/items/metaitems/magic.integration/magic_circuit_board.iv.png,texture_item,13186,0828469ebe22331b64642e82641cbc1b8ff33590
textures/items/metaitems/magic.integration/magic_circuit_board.iv.png.mcmeta,texture_item,50,7445bf40691fe66474ef34504df0faa2d38079aa
textures/items/metaitems/magic.integration/magic_circuit_board.luv.png,texture_item,13445,52ea4568406a78099cd7702c709c5ff332810187
textures/items/metaitems/magic.integration/magic_circuit_board.luv.png.mcmeta,texture_item,50,7445bf40691fe66474ef34504df0faa2d38079aa
textures/items/metaitems/magic.integration/magic_circuit_board.lv.png,texture_item,12139,a14bdca031c39f7c58887953a4f709d92dec42e8
textures/items/metaitems/magic.integration/magic_circuit_board.lv.png.mcmeta,texture_item,50,7445bf40691fe66474ef34504df0faa2d38079aa
textures/items/metaitems/magic.integration/magic_circuit_board.max.png,texture_item,16374,e519454c84084a567cceb13862dfc19373850cac
textures/items/metaitems/magic.integration/magic_circuit_board.max.png.mcmeta,texture_item,50,7445bf40691fe66474ef34504df0faa2d38079aa
textures/items/metaitems/magic.integration/magic_circuit_board.mv.png,texture_item,13569,f713260dceea6a84f8944dcb7706b8c790a433e5
textures/items/metaitems/magic.integration/magic_circuit_board.mv.png.mcmeta,texture_item,50,7445bf40691fe66474ef34504df0faa2d38079aa
textures/items/metaitems/magic.integration/magic_circuit_board.opv.png,texture_item,13328,5dc50acf51eaaeeed206902679dbc7e3922e873b
textures/items/metaitems/magic.integration/magic_circuit_board.opv.png.mcmeta,texture_item,50,7445bf40691fe66474ef34504df0faa2d38079aa
textures/items/metaitems/magic.integration/magic_circuit_board.uev.png,texture_item,13255,77e7ef085a6641b6b4a9aa97206caf6d0cb56da3
textures/items/metaitems/magic.integration/magic_circuit_board.uev.png.mcmeta,texture_item,50,7445bf40691fe66474ef34504df0faa2d38079aa
textures/items/metaitems/magic.integration/magic_circuit_board.uhv.png,texture_item,12756,34b89fb874868c3ec058ecc240b07d210f72497b
textures/items/metaitems/magic.integration/magic_circuit_board.uhv.png.mcmeta,texture_item,50,7445bf40691fe66474ef34504df0faa2d38079aa
textures/items/metaitems/magic.integration/magic_circuit_board.uiv.png,texture_item,12682,6875dd19364230d9c4f6cd310345a2fb3b0c41c1
textures/items/metaitems/magic.integration/magic_circuit_board.uiv.png.mcmeta,texture_item,50,7445bf40691fe66474ef34504df0faa2d38079aa
textures/items/metaitems/magic.integration/magic_circuit_board.ulv.png,texture_item,11181,84746bf77d7ff199aeb5309da10b92aaab3ecf72
textures/items/metaitems/magic.integration/magic_circuit_board.ulv.png.mcmeta,texture_item,50,7445bf40691fe66474ef34504df0faa2d38079aa
textures/items/metaitems/magic.integration/magic_circuit_board.uv.png,texture_item,13543,b50308ed530b1cbd4fbef9a5da51667d66d98c8c
textures/items/metaitems/magic.integration/magic_circuit_board.uv.png.mcmeta,texture_item,50,7445bf40691fe66474ef34504df0faa2d38079aa
textures/items/metaitems/magic.integration/magic_circuit_board.uxv.png,texture_item,13590,e9570322ad376886eceb0dc95280fcf9096e414e
textures/items/metaitems/magic.integration/magic_circuit_board.uxv.png.mcmeta,texture_item,50,7445bf40691fe66474ef34504df0faa2d38079aa
textures/items/metaitems/magic.integration/magic_circuit_board.zpm.png,texture_item,13214,b2becf33494a621b38a073e67e94b6acea9a2729
textures/items/metaitems/magic.integration/magic_circuit_board.zpm.png.mcmeta,texture_item,50,7445bf40691fe66474ef34504df0faa2d38079aa
textures/items/metaitems/magic.integration/magic_control_assembly_ev.png,texture_item,695,5261184be99aa62a0f4e0c9783e533b65e65058a
textures/items/metaitems/magic.integration/mana_resonance_coil.png,texture_item,566,b51762fa2f86799b8498df57655361a501dde46d
textures/items/metaitems/magic.integration/natural_infused_coil.png,texture_item,639,e26f9ddfd0fb6bc76f309652247500eb1b8b8af1
textures/items/metaitems/magic.integration/node_stabilization_frame.png,texture_item,619,47ac7fc9096fde956e8700cedf4cc3870269ccb6
textures/items/metaitems/magic.integration/precision_rune_blank.png,texture_item,766,ad30da4bc89e8824eb77ed1c2361f09ae6fcdd5d
textures/items/metaitems/magic.integration/primordial_star_blood_crystal.png,texture_item,482,a4d7f56ddb54f12275f542343e9a77baafc5fc35
textures/items/metaitems/magic.integration/rock_crystal_seed.png,texture_item,343,af2a44b9e412a5810ea4699f92dab68ada9c8b04
textures/items/metaitems/magic.integration/silvered_glass_lens.png,texture_item,398,6c2b2e337fe25f9e2245fa9db5b85438e65b6467
textures/items/metaitems/magic.integration/sterile_slate_blank.png,texture_item,594,ef173f0875957727bcfcb2b830512cba73ce28c0
textures/items/metaitems/magic_sweep.png,texture_item,267,015fec1a0f20bc6a4149d18f061d45ec3eb57b3f
textures/items/metaitems/overclocking_enhance.png,texture_item,3199,f465c1f682b3054a45d5e76356c0a07eed183437
textures/items/metaitems/parallel_enhance.png,texture_item,3314,e3c016b52c2fde1548fef39721c09c61009d9bee
textures/items/metaitems/rubber_slime.png,texture_item,718,81cbf26ec562d1ed8d46ccbdeed236d1fc76a239
textures/items/metaitems/segregation_catalyst_core.png,texture_item,9971,d6190b739b9fb054fab42c73d7c27edc18a64b2d
textures/items/metaitems/segregation_catalyst_core.png.mcmeta,texture_item,31,b49b01ecab0d5bf01a67c0c351a493fe352f86a4
textures/items/metaitems/starry_rune.png,texture_item,811,f7c32ec384b59bb7b82af208d2e5d21d192e6cdc
textures/items/metaitems/starstream_linker.png,texture_item,669,1d41cfb13fb586dfd7c617f09f4de34f822c65b0
textures/items/metaitems/stone_1.png,texture_item,1047,756f3ce81c839ce926c93bcfbd62a03682e15860
textures/items/metaitems/stone_2.png,texture_item,1211,098bb81363d86a50c1bcf39ddc22172af1c52a4f
textures/items/metaitems/stone_3.png,texture_item,1380,81a066c394f46b1e694c8f535da94b49e1d914a4
textures/items/metaitems/stone_4.png,texture_item,1514,99aec84333b22b9ea81c9ed98a0690eae47d201a
textures/items/metaitems/stone_final.png,texture_item,1492,4b71079e371cda66db3fae041dea47d0775b9f89
textures/items/metaitems/sugar_slime.png,texture_item,846,cdb97db5882195fdcfcf5d2e53bdf7bcbaf6e2e9
textures/items/metaitems/tar_slime.png,texture_item,768,835babee071ddf9132c7ea3f6fb4da4aba232f90
textures/items/metaitems/tarots/the_chariot.png,texture_item,1358,a672e13b99578a1d86a74b3d5c484962e0fe73f6
textures/items/metaitems/tarots/the_death.png,texture_item,1362,e7efda5edfdd1fc0203b366f2447a1eb4d5b1615
textures/items/metaitems/tarots/the_devil.png,texture_item,1673,aa298305c8e8d48f2f3c977f8c4a69428a751349
textures/items/metaitems/tarots/the_emperor.png,texture_item,1258,945b8620d306035e73c08718402e836dc012bc76
textures/items/metaitems/tarots/the_empress.png,texture_item,1243,b1c0ccfe9b33967833b99989d88f16c8dc4d363e
textures/items/metaitems/tarots/the_fool.png,texture_item,1080,a4e1d80693dc1082519e7547c6484b3498c84598
textures/items/metaitems/tarots/the_hanged_man.png,texture_item,1009,8e0162af5eec2057143186942c910f5a803fdd67
textures/items/metaitems/tarots/the_hermit.png,texture_item,952,27057d3c235aff7580babff9d9d6d42083014345
textures/items/metaitems/tarots/the_high_priestess.png,texture_item,1188,1fa987e15057997837cf3e0b2a5911dde4bfa724
textures/items/metaitems/tarots/the_highophant.png,texture_item,1332,91f09c92061b4e1fa06201b580f37fb3a5103a26
textures/items/metaitems/tarots/the_judgement.png,texture_item,1478,416ee05e5330c847c737a5d23dc80070ce979932
textures/items/metaitems/tarots/the_justice.png,texture_item,1122,5e6b31e6d0bcf485d1270df301377d4dd9374bce
textures/items/metaitems/tarots/the_lovers.png,texture_item,1327,5f16edc6ed4d4c6004a8c780da0e02215874e5e2
textures/items/metaitems/tarots/the_magician.png,texture_item,1022,12d98471bd79fc1300c6410eabb2e2333a246c75
textures/items/metaitems/tarots/the_moon.png,texture_item,1264,6d268d7dfea135bca3756518e2ada4d3ccf8b121
textures/items/metaitems/tarots/the_star.png,texture_item,1671,ce00aba52ac7e6898cd6b11d403cc967294173de
textures/items/metaitems/tarots/the_strength.png,texture_item,1054,2dc296ca5bdc11dcc21492312595e4ea13937e7e
textures/items/metaitems/tarots/the_sun.png,texture_item,1479,b80cd235b11ffbe6756786594a0df379b556a9db
textures/items/metaitems/tarots/the_temperance.png,texture_item,1677,b815d6b2e2bb2ac3c22d88bb067edadf0f39ae93
textures/items/metaitems/tarots/the_tower.png,texture_item,1218,351539ad0ab3bc9dc2911cf6bfcdef8a85a06cba
textures/items/metaitems/tarots/the_wheel_of_fortune.png,texture_item,1427,2d13b782bb6339a79d4e17dfc3564b1b04630c41
textures/items/metaitems/tarots/the_world.png,texture_item,1368,41b6e84da92f4ca0a01904a38dae54d07dce3534
textures/items/metaitems/test.png,texture_item,261,f0e8718c7b70d1939e871e3e8fd4a029d884bb03
textures/items/metaitems/test_item.png,texture_item,166,f3e2f1d7ecd8dbccfc499852544f4c17969cfef1
textures/items/metaitems/time_increase.png,texture_item,3156,1d1aeec4a659fcacad661aa249b007facfe8b237
textures/items/metaitems/transform_enhance.png,texture_item,1582,7a91128af75e9b2500364d0d45f0a0cb27d2d50d
textures/items/metaitems/vis_checker.png,texture_item,472,5caf1d6a7d6011ab88734e528e14da8587b25623
textures/items/metaitems/white_rune.png,texture_item,816,2dc09593b616758bcd2a70fc0bf0060ea32ee4b0
textures/items/mineral_extractor.png,texture_item,1870,4648874c7ac1c167cc5f4fa1b305e4721929c0d8
