legacy,target,sha1
textures/blocks/alfheim_dream_leaves.png,textures/block/alfheim_dream_leaves.png,8ec9cad86849b91b425b169e5535d0f9e1bca3e1
textures/blocks/alfheim_elven_sand.png,textures/block/alfheim_elven_sand.png,2097cdb73c3606d2eb97a5e7ed9ce4f7a4387bf1
textures/blocks/eldritch_eye_closed.png,textures/block/eldritch_eye_closed.png,4d2c0371df9ec6e2e5a0e01820687558546383ee
textures/blocks/eldritch_eye_open.png,textures/block/eldritch_eye_open.png,c7330a45deda1531123cef614d12e2b2fa2b713f
textures/blocks/flesh_block.png,textures/block/flesh_block.png,ed7872802f996ce3b7372ec0bce35fed9b195c23
textures/blocks/flesh_flower.png,textures/block/flesh_flower.png,ea9fafeeebd8d2d06c76d89c8c5b842916335fdc
textures/blocks/flesh_flower_dead.png,textures/block/flesh_flower_dead.png,c623da77f57ba5140b43466ace9ba6560c3163b3
textures/blocks/flesh_heart.png,textures/block/flesh_heart.png,6923f953c43f824e30569084469202aba3509681
textures/blocks/flesh_leaves.png,textures/block/flesh_leaves.png,b1c491c5aacd3ced315031fa0c495c3d7a8e29e6
textures/blocks/flesh_plant.png,textures/block/flesh_plant.png,c22aedf5fe7c6bb1e8d9bc57f2c793a95cdf4c3a
textures/blocks/flesh_sapling.png,textures/block/flesh_sapling.png,a00142e7965edf0867dad6eb0a149c054c3a5197
textures/blocks/heart_fruit_stage0.png,textures/block/heart_fruit_stage0.png,e0fe4bf7864a4570d6f26ce0eafe1fed6588305e
textures/blocks/heart_fruit_stage1.png,textures/block/heart_fruit_stage1.png,44a0d2a530b393526a089f3f84dc34d28cbcbe35
textures/blocks/heart_fruit_stage2.png,textures/block/heart_fruit_stage2.png,4d0e8bf448a76ebce8c4768202cbdfe3db774f7c
textures/blocks/heart_fruit_stage3.png,textures/block/heart_fruit_stage3.png,de7c276caf9403829901bfb16d1d7b48fb47825a
textures/blocks/portal_barrier.png,textures/block/portal_barrier.png,9f0570547906bed59ad74c73a3f2cde6f916c5b7
textures/blocks/portal_barrier.png.mcmeta,textures/block/portal_barrier.png.mcmeta,09178eab21572d32587369a1af635eebe1a53e24
textures/blocks/starstream/constellation_anchor.png,textures/block/starstream/constellation_anchor.png,26c4dd565865e23b5cfba216e141107fdfaf6a41
textures/blocks/starstream/obelisk_core.png,textures/block/starstream/obelisk_core.png,d70503509e1fb7276d0c6f3e8a6a20e1b99fcbd0
textures/blocks/starstream/starstream_casing.png,textures/block/starstream/starstream_casing.png,01bd948f1c434be60d37205df9850509cd02b88f
textures/blocks/starstream/starstream_runed_casing.png,textures/block/starstream/starstream_runed_casing.png,381c92adb4b081b25e1d453719e14b5a9af048e9
textures/blocks/tentacle_mid.png,textures/block/tentacle_mid.png,d80efef8e97b406d2a196ebb2b1a2b9ce73fd12f
textures/blocks/tentacle_thick.png,textures/block/tentacle_thick.png,f1ea77869cca3ddac63c461f6a794cbf82ddb19c
textures/blocks/tentacle_thin.png,textures/block/tentacle_thin.png,0654a48b42eff2216e247641db141955eb7c1f54
textures/blocks/test_block.json,textures/block/test_block.json,8b876c0d208f76dba65509145169881f10ca0ee7
textures/blocks/test_block.png,textures/block/test_block.png,f3e2f1d7ecd8dbccfc499852544f4c17969cfef1
textures/entity/basalz.png,textures/entity/basalz.png,099dfb85471ea252759a3eeab138686c4086c61e
textures/entity/basalz_xmas.png,textures/entity/basalz_xmas.png,c4b52fa8009f757d5951f8420b638489232be306
textures/entity/blitz.png,textures/entity/blitz.png,866ac3c0f59582ff2502f52fed04b46805a71c50
textures/entity/blitz_xmas.png,textures/entity/blitz_xmas.png,988cb3364b41accb9b3b73a40a7a8fdfa506daa0
textures/entity/blizz.png,textures/entity/blizz.png,8c3faac549400d7c48ff1d42ea200a4f8f90ca37
textures/entity/blizz_xmas.png,textures/entity/blizz_xmas.png,cc2d14947cd9f0ae6a06b2c324a4a629ab0129e6
textures/entity/slime/slime_aer.png,textures/entity/slime/slime_aer.png,f0b497e0d221176198caa9d2ea779c0690297ec9
textures/entity/slime/slime_aqua.png,textures/entity/slime/slime_aqua.png,1c52e38d12ca3d1904c2dd2b06112e70d24c6dec
textures/entity/slime/slime_ignis.png,textures/entity/slime/slime_ignis.png,4fbac146bf3a154401332f03de6f9b0d349bc280
textures/entity/slime/slime_ordo.png,textures/entity/slime/slime_ordo.png,89bfc9677a41559c2bac7ee80db5f05c94a8c02e
textures/entity/slime/slime_perditio.png,textures/entity/slime/slime_perditio.png,2962087cfae7bcc5417039d12a79a4c0d408b522
textures/entity/slime/slime_terra.png,textures/entity/slime/slime_terra.png,dddd3ec6a2694880e6159f1b91d300bb8734b6bb
textures/entity/slime/slimebase.png,textures/entity/slime/slimebase.png,8b673dc2f1de72f54f12c0683c732566730473f1
textures/items/heart_fruit.png,textures/item/heart_fruit.png,16e4668d91ca913b5cadd1bbe8fa8f54e7256c59
textures/items/magic_circle.png,textures/item/magic_circle.png,005e523828a3edd5d69e8ad2d9aacf652ae7a6ab
textures/items/metaitems/battery.ev.magic/1.png,textures/item/metaitems/battery.ev.magic/1.png,54ee17beb8c97e9e2e9a0bba9161044641890950
textures/items/metaitems/battery.ev.magic/2.png,textures/item/metaitems/battery.ev.magic/2.png,605233b3290a37039f0c4a138528d7340cbe1d7a
textures/items/metaitems/battery.ev.magic/3.png,textures/item/metaitems/battery.ev.magic/3.png,11f9317a08bdb2cc1b53fb2e5efd7fb63473f6b1
textures/items/metaitems/battery.ev.magic/4.png,textures/item/metaitems/battery.ev.magic/4.png,fe53ef8859a35de5f69f3d22673a095a4b3d8434
textures/items/metaitems/battery.ev.magic/5.png,textures/item/metaitems/battery.ev.magic/5.png,d750af9c82c0f694021d9a26dc16f89207d73385
textures/items/metaitems/battery.ev.magic/6.png,textures/item/metaitems/battery.ev.magic/6.png,0a878f100f1117cf18809f2d73269774ae842c76
textures/items/metaitems/battery.ev.magic/7.png,textures/item/metaitems/battery.ev.magic/7.png,35bfaccef646ccba64b2f99765777891623dbbeb
textures/items/metaitems/battery.ev.magic/8.png,textures/item/metaitems/battery.ev.magic/8.png,d8a8053431a9cd43811571d611ab49adebb78d6b
textures/items/metaitems/battery.hull.ev.png,textures/item/metaitems/battery.hull.ev.png,e82b839ad6c2e523d2aac0ad0992fc713abb1a40
textures/items/metaitems/battery.hull.hv.png,textures/item/metaitems/battery.hull.hv.png,7ff7212d0213789bbda91728440bae07bb8e71f3
textures/items/metaitems/battery.hull.iv.png,textures/item/metaitems/battery.hull.iv.png,a16f82a6b53d4e0e8047fa4c6436a20e93a733cc
textures/items/metaitems/battery.hull.luv.png,textures/item/metaitems/battery.hull.luv.png,24bce37ec319fa998c1d45a4055caeabf409faf0
textures/items/metaitems/battery.hull.lv.png,textures/item/metaitems/battery.hull.lv.png,352e21ef39fd1dc31e27b1d96553f942c3284903
textures/items/metaitems/battery.hull.mv.png,textures/item/metaitems/battery.hull.mv.png,537955d72b26d78f43cfe51cffd35ab2022d660d
textures/items/metaitems/battery.hull.uv.png,textures/item/metaitems/battery.hull.uv.png,b8e8ca59bc20813c38bc98d27378b7578c9b2ef8
textures/items/metaitems/battery.hull.zpm.png,textures/item/metaitems/battery.hull.zpm.png,6b1ae57a79b2b7e705528d7e042fe2588f72edd1
textures/items/metaitems/battery.hv.magic/1.png,textures/item/metaitems/battery.hv.magic/1.png,e6e127af5756d942e55523568d3175fdfb5c45c6
textures/items/metaitems/battery.hv.magic/2.png,textures/item/metaitems/battery.hv.magic/2.png,be7d7b1caaeb5ca8dfd11b43ef23e03998191b80
textures/items/metaitems/battery.hv.magic/3.png,textures/item/metaitems/battery.hv.magic/3.png,5010381f468d0d152f3bae5f5f61cce14dd9ea79
textures/items/metaitems/battery.hv.magic/4.png,textures/item/metaitems/battery.hv.magic/4.png,6d8e6c51b9cd2c2bd4be30a4612aa4ec5b796b06
textures/items/metaitems/battery.hv.magic/5.png,textures/item/metaitems/battery.hv.magic/5.png,58c65e9bb5fd93eb1e9bf590ea749608a44f45ab
textures/items/metaitems/battery.hv.magic/6.png,textures/item/metaitems/battery.hv.magic/6.png,8ed6ff1999d1c15614540fdc31e036e029962b6b
textures/items/metaitems/battery.hv.magic/7.png,textures/item/metaitems/battery.hv.magic/7.png,d4091b87fa980649d926402382408287953401f9
textures/items/metaitems/battery.hv.magic/8.png,textures/item/metaitems/battery.hv.magic/8.png,55d29ced69b6f4aa00a2323f1752832e46dd1f85
textures/items/metaitems/battery.iv.magic/1.png,textures/item/metaitems/battery.iv.magic/1.png,28df38a2db9f17ca60513eedbdd83746f27d4642
textures/items/metaitems/battery.iv.magic/2.png,textures/item/metaitems/battery.iv.magic/2.png,54ab9619590d6e4aa4233b12c5096264aa9b70f6
textures/items/metaitems/battery.iv.magic/3.png,textures/item/metaitems/battery.iv.magic/3.png,ba78499b3f255ba1adb8258737c53ef397a9fdf2
textures/items/metaitems/battery.iv.magic/4.png,textures/item/metaitems/battery.iv.magic/4.png,158abef24a97cdd86688d84d23a89716475676b2
textures/items/metaitems/battery.iv.magic/5.png,textures/item/metaitems/battery.iv.magic/5.png,df6fffd3c101e5777877c7f3852a6d9397a5315f
textures/items/metaitems/battery.iv.magic/6.png,textures/item/metaitems/battery.iv.magic/6.png,3e08e8e7bb4d29a1c51a26e3a3ececd01dd3af2a
textures/items/metaitems/battery.iv.magic/7.png,textures/item/metaitems/battery.iv.magic/7.png,8827571a3dfd3952272b35520331c64874cdfe76
textures/items/metaitems/battery.iv.magic/8.png,textures/item/metaitems/battery.iv.magic/8.png,b19bec75deec7166b1172b69813d75da11670eba
textures/items/metaitems/battery.luv.magic/1.png,textures/item/metaitems/battery.luv.magic/1.png,0d8343f4f662fb56147dc0bc738299469f852ae9
textures/items/metaitems/battery.luv.magic/2.png,textures/item/metaitems/battery.luv.magic/2.png,9ad220f01da905982552ecd0e71a15346671db39
textures/items/metaitems/battery.luv.magic/3.png,textures/item/metaitems/battery.luv.magic/3.png,0da99915a1d68f835d024cc06ef2d37de6aa62ef
textures/items/metaitems/battery.luv.magic/4.png,textures/item/metaitems/battery.luv.magic/4.png,14b14ab5693c2f19b1e51f21b84cd2d3314aab4e
textures/items/metaitems/battery.luv.magic/5.png,textures/item/metaitems/battery.luv.magic/5.png,118d726262a1aaed9a64aac4410ba42de97bb351
textures/items/metaitems/battery.luv.magic/6.png,textures/item/metaitems/battery.luv.magic/6.png,596657de80d64c72bf90d86cb0640e5eb965eae4
textures/items/metaitems/battery.luv.magic/7.png,textures/item/metaitems/battery.luv.magic/7.png,0f61eb432965a3264daba3833cebc7bc00f81a6d
textures/items/metaitems/battery.luv.magic/8.png,textures/item/metaitems/battery.luv.magic/8.png,202dea6c82081af4272c78b086e8ccc729278f2f
textures/items/metaitems/battery.lv.magic/1.png,textures/item/metaitems/battery.lv.magic/1.png,71de7154940d9857a3a328a5eadb0ab6650f5dbc
textures/items/metaitems/battery.lv.magic/2.png,textures/item/metaitems/battery.lv.magic/2.png,a2df4511ab5593501fbed6df9b79e751eced09f7
textures/items/metaitems/battery.lv.magic/3.png,textures/item/metaitems/battery.lv.magic/3.png,04c6c76b02fc16f6621d46dc03aac65700f164c3
textures/items/metaitems/battery.lv.magic/4.png,textures/item/metaitems/battery.lv.magic/4.png,771938016fded4bba14a4c69a783d7868565fd2a
textures/items/metaitems/battery.lv.magic/5.png,textures/item/metaitems/battery.lv.magic/5.png,a8499a1914ad127d675557e2f47cd24366c8e328
textures/items/metaitems/battery.lv.magic/6.png,textures/item/metaitems/battery.lv.magic/6.png,8cdd13a387f8ec4092acefdc8c3062517940204d
textures/items/metaitems/battery.lv.magic/7.png,textures/item/metaitems/battery.lv.magic/7.png,18f9d604ca45034c356631b1da28e6da8b3c0658
textures/items/metaitems/battery.lv.magic/8.png,textures/item/metaitems/battery.lv.magic/8.png,b611195929c39626959ffe7ab6fdfcf74525b98f
textures/items/metaitems/battery.mv.magic/1.png,textures/item/metaitems/battery.mv.magic/1.png,eb3193a508666273bb26cd7fd33a24152234f2b6
textures/items/metaitems/battery.mv.magic/2.png,textures/item/metaitems/battery.mv.magic/2.png,f8245e137254175f4f9a97770489de653d617593
textures/items/metaitems/battery.mv.magic/3.png,textures/item/metaitems/battery.mv.magic/3.png,10120f334ad7585e672af1e22b8704b0b619b514
textures/items/metaitems/battery.mv.magic/4.png,textures/item/metaitems/battery.mv.magic/4.png,b701550d6bc8547b901599ad133ce769213ee527
textures/items/metaitems/battery.mv.magic/5.png,textures/item/metaitems/battery.mv.magic/5.png,4de43050d730d092d4f54de4afc63129bc9e3729
textures/items/metaitems/battery.mv.magic/6.png,textures/item/metaitems/battery.mv.magic/6.png,dc8c76c1ad83cc18d215b19fdb625a182b6af212
textures/items/metaitems/battery.mv.magic/7.png,textures/item/metaitems/battery.mv.magic/7.png,d86f437fa05af6da51b6c74e416d821d0f7d21f2
textures/items/metaitems/battery.mv.magic/8.png,textures/item/metaitems/battery.mv.magic/8.png,1ab7bb4fb4882675d39fa9e89ecd96736ae597b9
textures/items/metaitems/battery.uv.magic/1.png,textures/item/metaitems/battery.uv.magic/1.png,44cd3155cb37e758582ddd6f6746be2d087bb4d1
textures/items/metaitems/battery.uv.magic/2.png,textures/item/metaitems/battery.uv.magic/2.png,38afe505b318f13c06f7a390984264694babd580
textures/items/metaitems/battery.uv.magic/3.png,textures/item/metaitems/battery.uv.magic/3.png,0db107fe3e60d0544debd170ac549a3d8fb6295b
textures/items/metaitems/battery.uv.magic/4.png,textures/item/metaitems/battery.uv.magic/4.png,932e06d4a6c13eda4c43290df6e2170f59ad3d07
textures/items/metaitems/battery.uv.magic/5.png,textures/item/metaitems/battery.uv.magic/5.png,40cb7545f9d62d50125486af83ca84b6de0461f4
textures/items/metaitems/battery.uv.magic/6.png,textures/item/metaitems/battery.uv.magic/6.png,6003ef2d8acca653664fb79095d808bbb9006469
textures/items/metaitems/battery.uv.magic/7.png,textures/item/metaitems/battery.uv.magic/7.png,c89ec96d28e1eb93c686e70cbd80f20e1a9702ae
textures/items/metaitems/battery.uv.magic/8.png,textures/item/metaitems/battery.uv.magic/8.png,f5edbcca6f087e87f3d5d64d8468434437e45cd9
textures/items/metaitems/battery.zpm.magic/1.png,textures/item/metaitems/battery.zpm.magic/1.png,8c756d678d2b999a3644b55d1e23322ed7e59e2c
textures/items/metaitems/battery.zpm.magic/2.png,textures/item/metaitems/battery.zpm.magic/2.png,6cb78dc3e5c0c70f5c01ca488a9b7609f2be734e
textures/items/metaitems/battery.zpm.magic/3.png,textures/item/metaitems/battery.zpm.magic/3.png,13aac39743c30a008398ac3519cccdd09e8f67b6
textures/items/metaitems/battery.zpm.magic/4.png,textures/item/metaitems/battery.zpm.magic/4.png,28c773ddc1c57b44598cc75c73f4a4c3686fcecf
textures/items/metaitems/battery.zpm.magic/5.png,textures/item/metaitems/battery.zpm.magic/5.png,db6c63086ec6c44ae35afaa101aa88a468dafb78
textures/items/metaitems/battery.zpm.magic/6.png,textures/item/metaitems/battery.zpm.magic/6.png,3889c850a9b01f5290a082785b52967c519ded68
textures/items/metaitems/battery.zpm.magic/7.png,textures/item/metaitems/battery.zpm.magic/7.png,10e28ea110b5db27e0cdbf715248e4395f607493
textures/items/metaitems/battery.zpm.magic/8.png,textures/item/metaitems/battery.zpm.magic/8.png,135be0ccbb998cc0c50fdd3f38a781cf523ee270
textures/items/metaitems/baubles/water_ring.png,textures/item/metaitems/baubles/water_ring.png,3baf2600339af0a2e10e4300428e380f5befe5f8
textures/items/metaitems/black_rune.png,textures/item/metaitems/black_rune.png,efe0e28263e36867fe6fe36a8c7810fb7ba628be
textures/items/metaitems/blank_catalyst_core.png,textures/item/metaitems/blank_catalyst_core.png,0b543c9d1bb1fecf5cf678964a03f1e772d46118
textures/items/metaitems/blank_catalyst_core.png.mcmeta,textures/item/metaitems/blank_catalyst_core.png.mcmeta,b49b01ecab0d5bf01a67c0c351a493fe352f86a4
textures/items/metaitems/blood_circuit.png,textures/item/metaitems/blood_circuit.png,4706b4cdfeb4d319464e5db46dd6d46587cdfd4d
textures/items/metaitems/blood_circuit.png.mcmeta,textures/item/metaitems/blood_circuit.png.mcmeta,a0d21bef1468be6c1b9a478fbfa8104df5bcae8b
textures/items/metaitems/blood_circuit_advanced.png,textures/item/metaitems/blood_circuit_advanced.png,24668001529e11d368016cd7e5eab540ab0470b9
textures/items/metaitems/blood_circuit_advanced.png.mcmeta,textures/item/metaitems/blood_circuit_advanced.png.mcmeta,a0d21bef1468be6c1b9a478fbfa8104df5bcae8b
textures/items/metaitems/blood_circuit_supreme.png,textures/item/metaitems/blood_circuit_supreme.png,10be343caa699709de3fd02855eb679df183c4f7
textures/items/metaitems/blood_circuit_supreme.png.mcmeta,textures/item/metaitems/blood_circuit_supreme.png.mcmeta,a0d21bef1468be6c1b9a478fbfa8104df5bcae8b
textures/items/metaitems/blood_circuit_ultimate.png,textures/item/metaitems/blood_circuit_ultimate.png,2e5e093356c3716de386b9738e1f76fffdfed7db
textures/items/metaitems/blood_circuit_ultimate.png.mcmeta,textures/item/metaitems/blood_circuit_ultimate.png.mcmeta,b991c58227abfbde58e98f1bcbfc7cc7ab8e596d
textures/items/metaitems/circuits/ev.png,textures/item/metaitems/circuits/ev.png,4eb0bc7c66b6133ae8ab20201fe7ec4234fdb5be
textures/items/metaitems/circuits/ev.png.mcmeta,textures/item/metaitems/circuits/ev.png.mcmeta,365f1892738f6c9aa36bb34c80def20212189e6c
textures/items/metaitems/circuits/hv.png,textures/item/metaitems/circuits/hv.png,fc99fdfaa7775378729cca38c680b1b265b9d714
textures/items/metaitems/circuits/hv.png.mcmeta,textures/item/metaitems/circuits/hv.png.mcmeta,365f1892738f6c9aa36bb34c80def20212189e6c
textures/items/metaitems/circuits/iv.png,textures/item/metaitems/circuits/iv.png,b71739d274a885284c0184f0042982421bc49e90
textures/items/metaitems/circuits/iv.png.mcmeta,textures/item/metaitems/circuits/iv.png.mcmeta,365f1892738f6c9aa36bb34c80def20212189e6c
textures/items/metaitems/circuits/luv.png,textures/item/metaitems/circuits/luv.png,b102213e73768d9461a318861c2a343d85f7d2c6
textures/items/metaitems/circuits/luv.png.mcmeta,textures/item/metaitems/circuits/luv.png.mcmeta,365f1892738f6c9aa36bb34c80def20212189e6c
textures/items/metaitems/circuits/lv.png,textures/item/metaitems/circuits/lv.png,f9d59b69d472ba108909329343c79f1b9e259e07
textures/items/metaitems/circuits/lv.png.mcmeta,textures/item/metaitems/circuits/lv.png.mcmeta,365f1892738f6c9aa36bb34c80def20212189e6c
textures/items/metaitems/circuits/max.png,textures/item/metaitems/circuits/max.png,1ab72ef381c786b76b4129977e34c29d4ca1b977
textures/items/metaitems/circuits/max.png.mcmeta,textures/item/metaitems/circuits/max.png.mcmeta,365f1892738f6c9aa36bb34c80def20212189e6c
textures/items/metaitems/circuits/mv.png,textures/item/metaitems/circuits/mv.png,828f08365d8d1fdcad47dcf363ceb9b584e21fb7
textures/items/metaitems/circuits/mv.png.mcmeta,textures/item/metaitems/circuits/mv.png.mcmeta,365f1892738f6c9aa36bb34c80def20212189e6c
textures/items/metaitems/circuits/opv.png,textures/item/metaitems/circuits/opv.png,1d9403ea5844641ed842c0d9d97d4510c8c94070
textures/items/metaitems/circuits/opv.png.mcmeta,textures/item/metaitems/circuits/opv.png.mcmeta,365f1892738f6c9aa36bb34c80def20212189e6c
textures/items/metaitems/circuits/uev.png,textures/item/metaitems/circuits/uev.png,71111e2c374da64b1da8367fd49651381a79a3b9
textures/items/metaitems/circuits/uev.png.mcmeta,textures/item/metaitems/circuits/uev.png.mcmeta,365f1892738f6c9aa36bb34c80def20212189e6c
textures/items/metaitems/circuits/uhv.png,textures/item/metaitems/circuits/uhv.png,ea3e4c40b6afb9833b765e8a3f7dc0decdc0f320
textures/items/metaitems/circuits/uhv.png.mcmeta,textures/item/metaitems/circuits/uhv.png.mcmeta,365f1892738f6c9aa36bb34c80def20212189e6c
textures/items/metaitems/circuits/uiv.png,textures/item/metaitems/circuits/uiv.png,dc14997a3ba2ed12461886c534ea00d48c581095
textures/items/metaitems/circuits/uiv.png.mcmeta,textures/item/metaitems/circuits/uiv.png.mcmeta,365f1892738f6c9aa36bb34c80def20212189e6c
textures/items/metaitems/circuits/ulv.png,textures/item/metaitems/circuits/ulv.png,d8ce9d7157b8dc730ca49afc442decea9f36cc59
textures/items/metaitems/circuits/ulv.png.mcmeta,textures/item/metaitems/circuits/ulv.png.mcmeta,365f1892738f6c9aa36bb34c80def20212189e6c
textures/items/metaitems/circuits/uv.png,textures/item/metaitems/circuits/uv.png,2192fc726ab6043d89293d74cba2a8a3003b99d7
textures/items/metaitems/circuits/uv.png.mcmeta,textures/item/metaitems/circuits/uv.png.mcmeta,365f1892738f6c9aa36bb34c80def20212189e6c
textures/items/metaitems/circuits/uxv.png,textures/item/metaitems/circuits/uxv.png,e5bfd801c2ea05264eae6711770bd840914b6b65
textures/items/metaitems/circuits/uxv.png.mcmeta,textures/item/metaitems/circuits/uxv.png.mcmeta,365f1892738f6c9aa36bb34c80def20212189e6c
textures/items/metaitems/circuits/zpm.png,textures/item/metaitems/circuits/zpm.png,9ee6ad3bc3835c8ffa06d06231ac8ee7aa06a36f
textures/items/metaitems/circuits/zpm.png.mcmeta,textures/item/metaitems/circuits/zpm.png.mcmeta,365f1892738f6c9aa36bb34c80def20212189e6c
textures/items/metaitems/circuits.blood/0.png,textures/item/metaitems/circuits.blood/0.png,d721d65b293db00416baa4b978fbb839f26232a6
textures/items/metaitems/circuits.blood/1.png,textures/item/metaitems/circuits.blood/1.png,0684d0739be6a9c7476a7edd24dfa1c29c87e267
textures/items/metaitems/circuits.blood/10.png,textures/item/metaitems/circuits.blood/10.png,2ffb0b0d0c1638478e9b1b66daacbec20e973384
textures/items/metaitems/circuits.blood/10.png.mcmeta,textures/item/metaitems/circuits.blood/10.png.mcmeta,a0d21bef1468be6c1b9a478fbfa8104df5bcae8b
textures/items/metaitems/circuits.blood/11.png,textures/item/metaitems/circuits.blood/11.png,26d6e23f7a2b12f98d691a80596ddd131189510e
textures/items/metaitems/circuits.blood/11.png.mcmeta,textures/item/metaitems/circuits.blood/11.png.mcmeta,a0d21bef1468be6c1b9a478fbfa8104df5bcae8b
textures/items/metaitems/circuits.blood/12.png,textures/item/metaitems/circuits.blood/12.png,2e5e093356c3716de386b9738e1f76fffdfed7db
textures/items/metaitems/circuits.blood/12.png.mcmeta,textures/item/metaitems/circuits.blood/12.png.mcmeta,b991c58227abfbde58e98f1bcbfc7cc7ab8e596d
textures/items/metaitems/circuits.blood/13.png,textures/item/metaitems/circuits.blood/13.png,10be343caa699709de3fd02855eb679df183c4f7
textures/items/metaitems/circuits.blood/13.png.mcmeta,textures/item/metaitems/circuits.blood/13.png.mcmeta,a0d21bef1468be6c1b9a478fbfa8104df5bcae8b
textures/items/metaitems/circuits.blood/2.png,textures/item/metaitems/circuits.blood/2.png,83c61ffea9536762f7e1235f347ec5a7f5fe9f85
textures/items/metaitems/circuits.blood/3.png,textures/item/metaitems/circuits.blood/3.png,f0926bf854f10f4673d46b12d6b3de01a299de2a
textures/items/metaitems/circuits.blood/4.png,textures/item/metaitems/circuits.blood/4.png,e917586ec1958c715c4854deb4d33de1770fc028
textures/items/metaitems/circuits.blood/5.png,textures/item/metaitems/circuits.blood/5.png,66dadadfea0e24b1f4c600e4b8eafa5cc1e7fbaa
textures/items/metaitems/circuits.blood/6.png,textures/item/metaitems/circuits.blood/6.png,edc009a093c3e5ca24d9c1e52f5637741f8b21f8
textures/items/metaitems/circuits.blood/7.png,textures/item/metaitems/circuits.blood/7.png,5cb4fa3a1e1bce96960aa935fdb7af60534b83fa
textures/items/metaitems/circuits.blood/8.png,textures/item/metaitems/circuits.blood/8.png,86098d4e1c92f4b84306b2cf74ae31aaea72a1fc
textures/items/metaitems/circuits.blood/9.png,textures/item/metaitems/circuits.blood/9.png,2b459363a60b4645d00510c0d78675fff631f6f3
textures/items/metaitems/circuits.blood/blood_circuit.png,textures/item/metaitems/circuits.blood/blood_circuit.png,4706b4cdfeb4d319464e5db46dd6d46587cdfd4d
textures/items/metaitems/circuits.blood/blood_circuit.png.mcmeta,textures/item/metaitems/circuits.blood/blood_circuit.png.mcmeta,a0d21bef1468be6c1b9a478fbfa8104df5bcae8b
textures/items/metaitems/circuits.blood/blood_port.png,textures/item/metaitems/circuits.blood/blood_port.png,468215460b0912f6fc8b537f568ee8937ee49f18
textures/items/metaitems/circuits.blood/endorphins_stabilizer.png,textures/item/metaitems/circuits.blood/endorphins_stabilizer.png,cfbf23387447d76f4a42c27e28f8722620f57f37
textures/items/metaitems/circuits.blood/freeze_cooler.png,textures/item/metaitems/circuits.blood/freeze_cooler.png,0357ead34713884f91d59778b4fc2f91612d743e
textures/items/metaitems/circuits.blood/freeze_cooler.png.mcmeta,textures/item/metaitems/circuits.blood/freeze_cooler.png.mcmeta,b49b01ecab0d5bf01a67c0c351a493fe352f86a4
textures/items/metaitems/circuits.blood/freeze_cooler_blank.png,textures/item/metaitems/circuits.blood/freeze_cooler_blank.png,a52461b68dd8e8894173a19f905a43178ff583b9
textures/items/metaitems/circuits.blood/ips_human_brain.png,textures/item/metaitems/circuits.blood/ips_human_brain.png,b09b4cd365aa5f734cc4df6a1f210acccce2c43b
textures/items/metaitems/circuits.blood/lysosome_stabilizer.png,textures/item/metaitems/circuits.blood/lysosome_stabilizer.png,f1d92fbeba0f4509b68af06a07821bcf91f02be0
textures/items/metaitems/circuits.blood/mitochondrion_power.png,textures/item/metaitems/circuits.blood/mitochondrion_power.png,4a9bb2a8f251c5529fed634929f94ee258253b35
textures/items/metaitems/circuits.blood/primitive_meat.png,textures/item/metaitems/circuits.blood/primitive_meat.png,125d5df8d32adfc83d5acacdd7eeb8b5b7b11276
textures/items/metaitems/circuits.blood/rat_brain.png,textures/item/metaitems/circuits.blood/rat_brain.png,d18c3e71a5d18c06ba9e4c4dc7935ad3ffdadc48
textures/items/metaitems/coking_catalyst_core.png,textures/item/metaitems/coking_catalyst_core.png,eedbdd649aca10b9f68683311fbf424e3c7ae663
textures/items/metaitems/coking_catalyst_core.png.mcmeta,textures/item/metaitems/coking_catalyst_core.png.mcmeta,b49b01ecab0d5bf01a67c0c351a493fe352f86a4
textures/items/metaitems/cold_catalyst_core.png,textures/item/metaitems/cold_catalyst_core.png,31b6580e22e447c335058e878bc2bbf139127218
textures/items/metaitems/cold_catalyst_core.png.mcmeta,textures/item/metaitems/cold_catalyst_core.png.mcmeta,b49b01ecab0d5bf01a67c0c351a493fe352f86a4
textures/items/metaitems/devay_pill.1.png,textures/item/metaitems/devay_pill.1.png,647e33fef94426a31a5790f6370dfe03863f0064
textures/items/metaitems/devay_pill.10.png,textures/item/metaitems/devay_pill.10.png,624c76c33d24097b9d726b87ee01725698f3ca67
textures/items/metaitems/devay_pill.20.png,textures/item/metaitems/devay_pill.20.png,f1c0dd527f6f249f179e11e3f6a489688bc7ab4c
textures/items/metaitems/devay_pill.5.png,textures/item/metaitems/devay_pill.5.png,120fc2e0b74a98443e432a972d6d96243581f32f
textures/items/metaitems/devay_pill.empty.png,textures/item/metaitems/devay_pill.empty.png,3e60c7f90c97fb8f8a49b30876ff776db43f3298
textures/items/metaitems/energy_reduce.png,textures/item/metaitems/energy_reduce.png,e71053aa7d7ae3e62fb64513262386542b266166
textures/items/metaitems/evolution_catalyst_core.png,textures/item/metaitems/evolution_catalyst_core.png,4ed41466de7d3e6f08d1182bc047a164c17c500e
textures/items/metaitems/evolution_catalyst_core.png.mcmeta,textures/item/metaitems/evolution_catalyst_core.png.mcmeta,b49b01ecab0d5bf01a67c0c351a493fe352f86a4
textures/items/metaitems/filter.i.png,textures/item/metaitems/filter.i.png,513920af6e4e8f1fb02c892d9d97c4e1759f2e41
textures/items/metaitems/filter.ii.png,textures/item/metaitems/filter.ii.png,00e3fd8f28adc875b2ccd163be91c6c9c3074393
textures/items/metaitems/filter.iii.png,textures/item/metaitems/filter.iii.png,518a167d83fdf53368aee88d7f86676383009ebc
textures/items/metaitems/filter.iv.png,textures/item/metaitems/filter.iv.png,71f18a70a426137fa94f10fba4ad5cbbf57bd21a
textures/items/metaitems/filter.v.png,textures/item/metaitems/filter.v.png,635b1403d19f9f60bdd1de07f564b252169c244b
textures/items/metaitems/glue_slime.png,textures/item/metaitems/glue_slime.png,54df783fd282d22ee21901ca240320f313191957
textures/items/metaitems/glycerol_slime.png,textures/item/metaitems/glycerol_slime.png,e882c95e3fcfba1a48ef3b395683952bc242061d
textures/items/metaitems/hot_catalyst_core.png,textures/item/metaitems/hot_catalyst_core.png,e2af2be6b3e4d7595bd792d6d1ae458d3f8f7f2b
textures/items/metaitems/hot_catalyst_core.png.mcmeta,textures/item/metaitems/hot_catalyst_core.png.mcmeta,b49b01ecab0d5bf01a67c0c351a493fe352f86a4
textures/items/metaitems/integration_catalyst_core.png,textures/item/metaitems/integration_catalyst_core.png,8a6b59066b652a17d076ab6c7c42eec12fc6524e
textures/items/metaitems/integration_catalyst_core.png.mcmeta,textures/item/metaitems/integration_catalyst_core.png.mcmeta,b49b01ecab0d5bf01a67c0c351a493fe352f86a4
textures/items/metaitems/magic.components/auto_elenchus_device.png,textures/item/metaitems/magic.components/auto_elenchus_device.png,441b59a738f57e1b52878762ff765cc7f6d4257e
textures/items/metaitems/magic.components/ball_in_itself.png,textures/item/metaitems/magic.components/ball_in_itself.png,02e851041d2a2eb44cbb530ae0aaf8e6eb5ed838
textures/items/metaitems/magic.components/bottle_of_phlogistonic_oneness.png,textures/item/metaitems/magic.components/bottle_of_phlogistonic_oneness.png,dac0fb38cebefebd6168786fcbf372ba0d887696
textures/items/metaitems/magic.components/cogito_aed.png,textures/item/metaitems/magic.components/cogito_aed.png,552bbb43f2d9cfd925afe6c2c1ab959db4e226ef
textures/items/metaitems/magic.components/core_of_idea.png,textures/item/metaitems/magic.components/core_of_idea.png,7a993314b661ce994a36454cb449b5e0d999335a
textures/items/metaitems/magic.components/elucidator_of_four_causes.png,textures/item/metaitems/magic.components/elucidator_of_four_causes.png,d722952636732c69fefa89a2e5042b6a39e4d607
textures/items/metaitems/magic.components/needle_of_mystic_interpellation.png,textures/item/metaitems/magic.components/needle_of_mystic_interpellation.png,63d9867443e9711c0ad2ee530ee10021b9fccb52
textures/items/metaitems/magic.components/symptomatic_vis_data_link.png,textures/item/metaitems/magic.components/symptomatic_vis_data_link.png,7603f124971d7b3f18024838b277829aa3b20b5e
textures/items/metaitems/magic.integration/arcane_ink_capsule.png,textures/item/metaitems/magic.integration/arcane_ink_capsule.png,4100cab3ef779140fa2dab2273ec7f421627af01
textures/items/metaitems/magic.integration/astral_blood_catalyst.png,textures/item/metaitems/magic.integration/astral_blood_catalyst.png,e2c6e03c0ee1a6cf9480343ef3f229829413c8b3
textures/items/metaitems/magic.integration/astral_lens_advanced.png,textures/item/metaitems/magic.integration/astral_lens_advanced.png,5a353a58f8a3c92990c2e2de35882d83257b7de1
textures/items/metaitems/magic.integration/astral_lens_basic.png,textures/item/metaitems/magic.integration/astral_lens_basic.png,3c7b1a1c294937beba9612dd1613861e015a77c8
textures/items/metaitems/magic.integration/astral_neural_bundle.png,textures/item/metaitems/magic.integration/astral_neural_bundle.png,31ad07e1bcbea266c46c094bd4626dcfeece1e80
textures/items/metaitems/magic.integration/astral_resonance_coil.png,textures/item/metaitems/magic.integration/astral_resonance_coil.png,cbb44b66516a31fdf5802c15654c16a1d35f6844
textures/items/metaitems/magic.integration/attuned_crystal_wafer.png,textures/item/metaitems/magic.integration/attuned_crystal_wafer.png,a271f17281ea4a6f5f0a452d225c17a6d222d133
textures/items/metaitems/magic.integration/blank_tarot_card.png,textures/item/metaitems/magic.integration/blank_tarot_card.png,f6238249bda4b982e1c43628c3fad7a66e144f91
textures/items/metaitems/magic.integration/causality_catalyst.png,textures/item/metaitems/magic.integration/causality_catalyst.png,e450d73ef6ab288f5a4b121e819ae7ef49df1bb5
textures/items/metaitems/magic.integration/celestial_calibration_core.png,textures/item/metaitems/magic.integration/celestial_calibration_core.png,8cc4145d5b95f3d7255b518b6babf69e8adb23b0
textures/items/metaitems/magic.integration/celestial_crystal_embryo.png,textures/item/metaitems/magic.integration/celestial_crystal_embryo.png,18047a4d9b654dc79a3017211ec7942da675221d
textures/items/metaitems/magic.integration/constellation_data_wafer.png,textures/item/metaitems/magic.integration/constellation_data_wafer.png,636f611da765770f07aa26eb47ca1eb93ad7e9f1
textures/items/metaitems/magic.integration/cultivated_crystal.png,textures/item/metaitems/magic.integration/cultivated_crystal.png,9fd7ac18e2fbff9c7faee189a0ee69af23b20939
textures/items/metaitems/magic.integration/depleted_magic_core.png,textures/item/metaitems/magic.integration/depleted_magic_core.png,a0a0cc7ed7612a4e4dfd574412037c635663f110
textures/items/metaitems/magic.integration/harmonizing_rune_core.png,textures/item/metaitems/magic.integration/harmonizing_rune_core.png,245be2eb6b9430383d23fd76862af44506002b6c
textures/items/metaitems/magic.integration/living_magic_biofilm.png,textures/item/metaitems/magic.integration/living_magic_biofilm.png,1909a14776414a42e4c0171be63f7a1eed980543
textures/items/metaitems/magic.integration/magic_circuit_board.ev.png,textures/item/metaitems/magic.integration/magic_circuit_board.ev.png,0d6436f544fa6e254f218dc5a006c689413c121d
textures/items/metaitems/magic.integration/magic_circuit_board.ev.png.mcmeta,textures/item/metaitems/magic.integration/magic_circuit_board.ev.png.mcmeta,7445bf40691fe66474ef34504df0faa2d38079aa
textures/items/metaitems/magic.integration/magic_circuit_board.hv.png,textures/item/metaitems/magic.integration/magic_circuit_board.hv.png,df77b6aa91c7df8e237dff1c7f9c18543a78e1af
textures/items/metaitems/magic.integration/magic_circuit_board.hv.png.mcmeta,textures/item/metaitems/magic.integration/magic_circuit_board.hv.png.mcmeta,7445bf40691fe66474ef34504df0faa2d38079aa
textures/items/metaitems/magic.integration/magic_circuit_board.iv.png,textures/item/metaitems/magic.integration/magic_circuit_board.iv.png,0828469ebe22331b64642e82641cbc1b8ff33590
textures/items/metaitems/magic.integration/magic_circuit_board.iv.png.mcmeta,textures/item/metaitems/magic.integration/magic_circuit_board.iv.png.mcmeta,7445bf40691fe66474ef34504df0faa2d38079aa
textures/items/metaitems/magic.integration/magic_circuit_board.luv.png,textures/item/metaitems/magic.integration/magic_circuit_board.luv.png,52ea4568406a78099cd7702c709c5ff332810187
textures/items/metaitems/magic.integration/magic_circuit_board.luv.png.mcmeta,textures/item/metaitems/magic.integration/magic_circuit_board.luv.png.mcmeta,7445bf40691fe66474ef34504df0faa2d38079aa
textures/items/metaitems/magic.integration/magic_circuit_board.lv.png,textures/item/metaitems/magic.integration/magic_circuit_board.lv.png,a14bdca031c39f7c58887953a4f709d92dec42e8
textures/items/metaitems/magic.integration/magic_circuit_board.lv.png.mcmeta,textures/item/metaitems/magic.integration/magic_circuit_board.lv.png.mcmeta,7445bf40691fe66474ef34504df0faa2d38079aa
textures/items/metaitems/magic.integration/magic_circuit_board.max.png,textures/item/metaitems/magic.integration/magic_circuit_board.max.png,e519454c84084a567cceb13862dfc19373850cac
textures/items/metaitems/magic.integration/magic_circuit_board.max.png.mcmeta,textures/item/metaitems/magic.integration/magic_circuit_board.max.png.mcmeta,7445bf40691fe66474ef34504df0faa2d38079aa
textures/items/metaitems/magic.integration/magic_circuit_board.mv.png,textures/item/metaitems/magic.integration/magic_circuit_board.mv.png,f713260dceea6a84f8944dcb7706b8c790a433e5
textures/items/metaitems/magic.integration/magic_circuit_board.mv.png.mcmeta,textures/item/metaitems/magic.integration/magic_circuit_board.mv.png.mcmeta,7445bf40691fe66474ef34504df0faa2d38079aa
textures/items/metaitems/magic.integration/magic_circuit_board.opv.png,textures/item/metaitems/magic.integration/magic_circuit_board.opv.png,5dc50acf51eaaeeed206902679dbc7e3922e873b
textures/items/metaitems/magic.integration/magic_circuit_board.opv.png.mcmeta,textures/item/metaitems/magic.integration/magic_circuit_board.opv.png.mcmeta,7445bf40691fe66474ef34504df0faa2d38079aa
textures/items/metaitems/magic.integration/magic_circuit_board.uev.png,textures/item/metaitems/magic.integration/magic_circuit_board.uev.png,77e7ef085a6641b6b4a9aa97206caf6d0cb56da3
textures/items/metaitems/magic.integration/magic_circuit_board.uev.png.mcmeta,textures/item/metaitems/magic.integration/magic_circuit_board.uev.png.mcmeta,7445bf40691fe66474ef34504df0faa2d38079aa
textures/items/metaitems/magic.integration/magic_circuit_board.uhv.png,textures/item/metaitems/magic.integration/magic_circuit_board.uhv.png,34b89fb874868c3ec058ecc240b07d210f72497b
textures/items/metaitems/magic.integration/magic_circuit_board.uhv.png.mcmeta,textures/item/metaitems/magic.integration/magic_circuit_board.uhv.png.mcmeta,7445bf40691fe66474ef34504df0faa2d38079aa
textures/items/metaitems/magic.integration/magic_circuit_board.uiv.png,textures/item/metaitems/magic.integration/magic_circuit_board.uiv.png,6875dd19364230d9c4f6cd310345a2fb3b0c41c1
textures/items/metaitems/magic.integration/magic_circuit_board.uiv.png.mcmeta,textures/item/metaitems/magic.integration/magic_circuit_board.uiv.png.mcmeta,7445bf40691fe66474ef34504df0faa2d38079aa
textures/items/metaitems/magic.integration/magic_circuit_board.ulv.png,textures/item/metaitems/magic.integration/magic_circuit_board.ulv.png,84746bf77d7ff199aeb5309da10b92aaab3ecf72
textures/items/metaitems/magic.integration/magic_circuit_board.ulv.png.mcmeta,textures/item/metaitems/magic.integration/magic_circuit_board.ulv.png.mcmeta,7445bf40691fe66474ef34504df0faa2d38079aa
textures/items/metaitems/magic.integration/magic_circuit_board.uv.png,textures/item/metaitems/magic.integration/magic_circuit_board.uv.png,b50308ed530b1cbd4fbef9a5da51667d66d98c8c
textures/items/metaitems/magic.integration/magic_circuit_board.uv.png.mcmeta,textures/item/metaitems/magic.integration/magic_circuit_board.uv.png.mcmeta,7445bf40691fe66474ef34504df0faa2d38079aa
textures/items/metaitems/magic.integration/magic_circuit_board.uxv.png,textures/item/metaitems/magic.integration/magic_circuit_board.uxv.png,e9570322ad376886eceb0dc95280fcf9096e414e
textures/items/metaitems/magic.integration/magic_circuit_board.uxv.png.mcmeta,textures/item/metaitems/magic.integration/magic_circuit_board.uxv.png.mcmeta,7445bf40691fe66474ef34504df0faa2d38079aa
textures/items/metaitems/magic.integration/magic_circuit_board.zpm.png,textures/item/metaitems/magic.integration/magic_circuit_board.zpm.png,b2becf33494a621b38a073e67e94b6acea9a2729
textures/items/metaitems/magic.integration/magic_circuit_board.zpm.png.mcmeta,textures/item/metaitems/magic.integration/magic_circuit_board.zpm.png.mcmeta,7445bf40691fe66474ef34504df0faa2d38079aa
textures/items/metaitems/magic.integration/magic_control_assembly_ev.png,textures/item/metaitems/magic.integration/magic_control_assembly_ev.png,5261184be99aa62a0f4e0c9783e533b65e65058a
textures/items/metaitems/magic.integration/mana_resonance_coil.png,textures/item/metaitems/magic.integration/mana_resonance_coil.png,b51762fa2f86799b8498df57655361a501dde46d
textures/items/metaitems/magic.integration/natural_infused_coil.png,textures/item/metaitems/magic.integration/natural_infused_coil.png,e26f9ddfd0fb6bc76f309652247500eb1b8b8af1
textures/items/metaitems/magic.integration/node_stabilization_frame.png,textures/item/metaitems/magic.integration/node_stabilization_frame.png,47ac7fc9096fde956e8700cedf4cc3870269ccb6
textures/items/metaitems/magic.integration/precision_rune_blank.png,textures/item/metaitems/magic.integration/precision_rune_blank.png,ad30da4bc89e8824eb77ed1c2361f09ae6fcdd5d
textures/items/metaitems/magic.integration/primordial_star_blood_crystal.png,textures/item/metaitems/magic.integration/primordial_star_blood_crystal.png,a4d7f56ddb54f12275f542343e9a77baafc5fc35
textures/items/metaitems/magic.integration/rock_crystal_seed.png,textures/item/metaitems/magic.integration/rock_crystal_seed.png,af2a44b9e412a5810ea4699f92dab68ada9c8b04
textures/items/metaitems/magic.integration/silvered_glass_lens.png,textures/item/metaitems/magic.integration/silvered_glass_lens.png,6c2b2e337fe25f9e2245fa9db5b85438e65b6467
textures/items/metaitems/magic.integration/sterile_slate_blank.png,textures/item/metaitems/magic.integration/sterile_slate_blank.png,ef173f0875957727bcfcb2b830512cba73ce28c0
textures/items/metaitems/magic_sweep.png,textures/item/metaitems/magic_sweep.png,015fec1a0f20bc6a4149d18f061d45ec3eb57b3f
textures/items/metaitems/overclocking_enhance.png,textures/item/metaitems/overclocking_enhance.png,f465c1f682b3054a45d5e76356c0a07eed183437
textures/items/metaitems/parallel_enhance.png,textures/item/metaitems/parallel_enhance.png,e3c016b52c2fde1548fef39721c09c61009d9bee
textures/items/metaitems/rubber_slime.png,textures/item/metaitems/rubber_slime.png,81cbf26ec562d1ed8d46ccbdeed236d1fc76a239
textures/items/metaitems/segregation_catalyst_core.png,textures/item/metaitems/segregation_catalyst_core.png,d6190b739b9fb054fab42c73d7c27edc18a64b2d
textures/items/metaitems/segregation_catalyst_core.png.mcmeta,textures/item/metaitems/segregation_catalyst_core.png.mcmeta,b49b01ecab0d5bf01a67c0c351a493fe352f86a4
textures/items/metaitems/starry_rune.png,textures/item/metaitems/starry_rune.png,f7c32ec384b59bb7b82af208d2e5d21d192e6cdc
textures/items/metaitems/starstream_linker.png,textures/item/metaitems/starstream_linker.png,1d41cfb13fb586dfd7c617f09f4de34f822c65b0
textures/items/metaitems/stone_1.png,textures/item/metaitems/stone_1.png,756f3ce81c839ce926c93bcfbd62a03682e15860
textures/items/metaitems/stone_2.png,textures/item/metaitems/stone_2.png,098bb81363d86a50c1bcf39ddc22172af1c52a4f
textures/items/metaitems/stone_3.png,textures/item/metaitems/stone_3.png,81a066c394f46b1e694c8f535da94b49e1d914a4
textures/items/metaitems/stone_4.png,textures/item/metaitems/stone_4.png,99aec84333b22b9ea81c9ed98a0690eae47d201a
textures/items/metaitems/stone_final.png,textures/item/metaitems/stone_final.png,4b71079e371cda66db3fae041dea47d0775b9f89
textures/items/metaitems/sugar_slime.png,textures/item/metaitems/sugar_slime.png,cdb97db5882195fdcfcf5d2e53bdf7bcbaf6e2e9
textures/items/metaitems/tar_slime.png,textures/item/metaitems/tar_slime.png,835babee071ddf9132c7ea3f6fb4da4aba232f90
textures/items/metaitems/tarots/the_chariot.png,textures/item/metaitems/tarots/the_chariot.png,a672e13b99578a1d86a74b3d5c484962e0fe73f6
textures/items/metaitems/tarots/the_death.png,textures/item/metaitems/tarots/the_death.png,e7efda5edfdd1fc0203b366f2447a1eb4d5b1615
textures/items/metaitems/tarots/the_devil.png,textures/item/metaitems/tarots/the_devil.png,aa298305c8e8d48f2f3c977f8c4a69428a751349
textures/items/metaitems/tarots/the_emperor.png,textures/item/metaitems/tarots/the_emperor.png,945b8620d306035e73c08718402e836dc012bc76
textures/items/metaitems/tarots/the_empress.png,textures/item/metaitems/tarots/the_empress.png,b1c0ccfe9b33967833b99989d88f16c8dc4d363e
textures/items/metaitems/tarots/the_fool.png,textures/item/metaitems/tarots/the_fool.png,a4e1d80693dc1082519e7547c6484b3498c84598
textures/items/metaitems/tarots/the_hanged_man.png,textures/item/metaitems/tarots/the_hanged_man.png,8e0162af5eec2057143186942c910f5a803fdd67
textures/items/metaitems/tarots/the_hermit.png,textures/item/metaitems/tarots/the_hermit.png,27057d3c235aff7580babff9d9d6d42083014345
textures/items/metaitems/tarots/the_high_priestess.png,textures/item/metaitems/tarots/the_high_priestess.png,1fa987e15057997837cf3e0b2a5911dde4bfa724
textures/items/metaitems/tarots/the_highophant.png,textures/item/metaitems/tarots/the_highophant.png,91f09c92061b4e1fa06201b580f37fb3a5103a26
textures/items/metaitems/tarots/the_judgement.png,textures/item/metaitems/tarots/the_judgement.png,416ee05e5330c847c737a5d23dc80070ce979932
textures/items/metaitems/tarots/the_justice.png,textures/item/metaitems/tarots/the_justice.png,5e6b31e6d0bcf485d1270df301377d4dd9374bce
textures/items/metaitems/tarots/the_lovers.png,textures/item/metaitems/tarots/the_lovers.png,5f16edc6ed4d4c6004a8c780da0e02215874e5e2
textures/items/metaitems/tarots/the_magician.png,textures/item/metaitems/tarots/the_magician.png,12d98471bd79fc1300c6410eabb2e2333a246c75
textures/items/metaitems/tarots/the_moon.png,textures/item/metaitems/tarots/the_moon.png,6d268d7dfea135bca3756518e2ada4d3ccf8b121
textures/items/metaitems/tarots/the_star.png,textures/item/metaitems/tarots/the_star.png,ce00aba52ac7e6898cd6b11d403cc967294173de
textures/items/metaitems/tarots/the_strength.png,textures/item/metaitems/tarots/the_strength.png,2dc296ca5bdc11dcc21492312595e4ea13937e7e
textures/items/metaitems/tarots/the_sun.png,textures/item/metaitems/tarots/the_sun.png,b80cd235b11ffbe6756786594a0df379b556a9db
textures/items/metaitems/tarots/the_temperance.png,textures/item/metaitems/tarots/the_temperance.png,b815d6b2e2bb2ac3c22d88bb067edadf0f39ae93
textures/items/metaitems/tarots/the_tower.png,textures/item/metaitems/tarots/the_tower.png,351539ad0ab3bc9dc2911cf6bfcdef8a85a06cba
textures/items/metaitems/tarots/the_wheel_of_fortune.png,textures/item/metaitems/tarots/the_wheel_of_fortune.png,2d13b782bb6339a79d4e17dfc3564b1b04630c41
textures/items/metaitems/tarots/the_world.png,textures/item/metaitems/tarots/the_world.png,41b6e84da92f4ca0a01904a38dae54d07dce3534
textures/items/metaitems/test.png,textures/item/metaitems/test.png,f0e8718c7b70d1939e871e3e8fd4a029d884bb03
textures/items/metaitems/test_item.png,textures/item/metaitems/test_item.png,f3e2f1d7ecd8dbccfc499852544f4c17969cfef1
textures/items/metaitems/time_increase.png,textures/item/metaitems/time_increase.png,1d1aeec4a659fcacad661aa249b007facfe8b237
textures/items/metaitems/transform_enhance.png,textures/item/metaitems/transform_enhance.png,7a91128af75e9b2500364d0d45f0a0cb27d2d50d
textures/items/metaitems/vis_checker.png,textures/item/metaitems/vis_checker.png,5caf1d6a7d6011ab88734e528e14da8587b25623
textures/items/metaitems/white_rune.png,textures/item/metaitems/white_rune.png,2dc09593b616758bcd2a70fc0bf0060ea32ee4b0
textures/items/mineral_extractor.png,textures/item/mineral_extractor.png,4648874c7ac1c167cc5f4fa1b305e4721929c0d8
